"user_name","text","datetime","SPAM"
"rekomentokped_","Enervon C Multivitamin
(Vitamin C)
Rp.38.935,-
‚≠ê‚≠ê‚≠ê‚≠ê‚≠ê(5/5)

Link : https://t.co/mrn0jicoYZ","2022-05-31 15:51:12","1"
"sonora_bandung","Menjaga kesehatan setiap hari adalah hal yang penting

Jangan lupa selalu sedia Enervon dengan berbagai varian:

Enervon-C Tablet mengandung Vitamin C 500 mg dan Vitamin B Kompleks untuk bantu memelihara kesehatan tubuh biar nggak gampang sakit https://t.co/OU1PhPOpsA","2022-05-29 06:50:00","1"
"rakafm_bandung","Menjaga kesehatan setiap hari adalah hal yang penting

Jangan lupa selalu sedia Enervon dengan berbagai varian:

Enervon-C Tablet mengandung Vitamin C 500 mg dan Vitamin B Kompleks untuk bantu memelihara kesehatan tubuh biar nggak gampang sakit https://t.co/7QVd3x5nz9","2022-05-29 06:30:00","1"
"sonora_bandung","Menjaga kesehatan setiap hari adalah hal yang penting

Jangan lupa selalu sedia Enervon dengan berbagai varian:

Enervon-C Tablet mengandung Vitamin C 500 mg dan Vitamin B Kompleks untuk bantu memelihara kesehatan tubuh biar nggak gampang sakit https://t.co/EwMnXQFEXq","2022-05-23 06:50:00","1"
"rakafm_bandung","Menjaga kesehatan setiap hari adalah hal yang penting

Jangan lupa selalu sedia Enervon dengan berbagai varian:

Enervon-C Tablet mengandung Vitamin C 500 mg dan Vitamin B Kompleks untuk bantu memelihara kesehatan tubuh biar nggak gampang sakit https://t.co/N7FqLH7Wd4","2022-05-23 06:30:00","1"
"sonora_bandung","Menjaga kesehatan setiap hari adalah hal yang penting

Jangan lupa selalu sedia Enervon dengan berbagai varian:

Enervon-C Tablet mengandung Vitamin C 500 mg dan Vitamin B Kompleks untuk bantu memelihara kesehatan tubuh biar nggak gampang sakit https://t.co/p0FxwE7hLX","2022-05-17 06:50:00","1"
"rakafm_bandung","Menjaga kesehatan setiap hari adalah hal yang penting

Jangan lupa selalu sedia Enervon dengan berbagai varian:

Enervon-C Tablet mengandung Vitamin C 500 mg dan Vitamin B Kompleks untuk bantu memelihara kesehatan tubuh biar nggak gampang sakit https://t.co/a4r3aRsgxR","2022-05-17 06:30:00","1"
"ProdukPantau","Coba cek ini, deh: ""Enervon C 1 Strip/Lembar Isi 4 Tablet"" Rp5.000 di toko Apotek Ungu Farma Tokopedia. Bisa bebas ongkir, lho.
https://t.co/aOBLBC2cU2 https://t.co/QvnJJzeQN7","2022-05-16 03:22:06","1"
"sonora_bandung","Menjaga kesehatan setiap hari adalah hal yang penting

Jangan lupa selalu sedia Enervon dengan berbagai varian:

Enervon-C Tablet mengandung Vitamin C 500 mg dan Vitamin B Kompleks untuk bantu memelihara kesehatan tubuh biar nggak gampang sakit https://t.co/cB7GvTJXOK","2022-05-11 06:50:00","1"
"rakafm_bandung","Menjaga kesehatan setiap hari adalah hal yang penting

Jangan lupa selalu sedia Enervon dengan berbagai varian:

Enervon-C Tablet mengandung Vitamin C 500 mg dan Vitamin B Kompleks untuk bantu memelihara kesehatan tubuh biar nggak gampang sakit https://t.co/DJUkxxpbZM","2022-05-11 06:30:00","1"
"sonora_bandung","Menjaga kesehatan setiap hari adalah hal yang penting

Jangan lupa selalu sedia Enervon dengan berbagai varian:

Enervon-C Tablet mengandung Vitamin C 500 mg dan Vitamin B Kompleks untuk bantu memelihara kesehatan tubuh biar nggak gampang sakit https://t.co/aQpnI2ZHPs","2022-05-06 06:30:31","1"
"rakafm_bandung","Menjaga kesehatan setiap hari adalah hal yang penting

Jangan lupa selalu sedia Enervon dengan berbagai varian:

Enervon-C Tablet mengandung Vitamin C 500 mg dan Vitamin B Kompleks untuk bantu memelihara kesehatan tubuh biar nggak gampang sakit https://t.co/nVWsk3E7w8","2022-05-06 06:30:17","1"
"lapakkiem","Akhirnya...
Denpasar-Nagarapageuh (Ciamis)
Start Denpasar 29 April 2022 15.00 WITA sampai Nagarapageuh (ciamis) 1 Mei 2022 05.00 WIB
Langsung Minum Enervon Active biar tak capek

#mudik2022
#lapakkiem
#enervonactive","2022-05-01 11:56:20","1"
"cermati_ID","Bantu Tingkatkan Imun Tubuh, Ini Deskripsi, Manfaat, Cara Penggunaan, dan Efek Samping Enervon C https://t.co/EmLvGvS4Iw https://t.co/7V87X9eclQ","2022-04-30 04:25:38","1"
"sonora_bandung","Selama berpuasa, bila perlu minum Enervon-C dan Enervon Active saat sahur dan berbuka. Bikin semangatmu on terus dan dapat #JalaniBersamaTanpaRagu semua aktivitas selama Ramadan. https://t.co/fbASfVKq4L","2022-04-29 06:55:00","1"
"rakafm_bandung","Selama berpuasa, bila perlu minum Enervon-C dan Enervon Active saat sahur dan berbuka. Bikin semangatmu on terus dan dapat #JalaniBersamaTanpaRagu semua aktivitas selama Ramadan. https://t.co/wsQ7zAwn22","2022-04-29 03:30:00","1"
"ProdukPantau","Coba cek ini, deh: ""Enervon C 1 Strip/Lembar Isi 4 Tablet"" Rp5.000 di toko Apotek Ungu Farma Tokopedia. Bisa bebas ongkir, lho.
https://t.co/FNYGByLvVK https://t.co/rBhAJg7Mv2","2022-04-25 02:43:20","1"
"sonora_bandung","Selama berpuasa, bila perlu minum Enervon-C dan Enervon Active saat sahur dan berbuka. Bikin semangatmu on terus dan dapat #JalaniBersamaTanpaRagu semua aktivitas selama Ramadan. https://t.co/S5EvaOy0E6","2022-04-23 06:53:00","1"
"rakafm_bandung","Selama berpuasa, bila perlu minum Enervon-C dan Enervon Active saat sahur dan berbuka. Bikin semangatmu on terus dan dapat #JalaniBersamaTanpaRagu semua aktivitas selama Ramadan. https://t.co/2h0OCKvISB","2022-04-23 03:30:00","1"
"ProdukPantau","Coba cek ini, deh: ""Enervon C 1 Strip/Lembar Isi 4 Tablet"" Rp5.000 di toko Apotek Ungu Farma Tokopedia. Bisa bebas ongkir, lho.
https://t.co/JOkGiS7JEM https://t.co/HCyapsk6yZ","2022-04-23 01:41:29","1"
"ProdukPantau","Coba cek ini, deh: ""Enervon C 1 Strip/Lembar Isi 4 Tablet"" Rp5.000 di toko Apotek Ungu Farma Tokopedia. Bisa bebas ongkir, lho.
https://t.co/2v0G4ylEjq https://t.co/9gJ9ujdvQe","2022-04-20 04:13:57","1"
"ProdukPantau","Coba cek ini, deh: ""Enervon C 1 Strip/Lembar Isi 4 Tablet"" Rp5.000 di toko Apotek Ungu Farma Tokopedia. Bisa bebas ongkir, lho.
https://t.co/2v0G4ylEjq https://t.co/43I14ExiF5","2022-04-18 23:43:56","1"
"ProdukPantau","Coba cek ini, deh: ""Enervon C 1 Strip/Lembar Isi 4 Tablet"" Rp5.000 di toko Apotek Ungu Farma Tokopedia. Bisa bebas ongkir, lho.
https://t.co/2v0G4ylEjq https://t.co/ddIHMPfLTP","2022-04-18 03:32:36","1"
"ProdukPantau","Coba cek ini, deh: ""Enervon C 1 Strip/Lembar Isi 4 Tablet"" Rp5.000 di toko Apotek Ungu Farma Tokopedia. Bisa bebas ongkir, lho.
https://t.co/2v0G4y4Bhq https://t.co/aGddo7qWTH","2022-04-17 13:29:22","1"
"digtmart","Cek Enervon C / Multivitamin/ Vitamin C Menjaga Daya Tahan Tubuh / Effervescent / Strip / Enervonce dengan harga Rp20.318 - Rp36.921. Dapatkan di Shopee sekarang! https://t.co/tsSiwipfvU https://t.co/JPt15tsg0W","2022-04-17 11:27:12","1"
"sonora_bandung","Selama berpuasa, bila perlu minum Enervon-C dan Enervon Active saat sahur dan berbuka. Bikin semangatmu on terus dan dapat #JalaniBersamaTanpaRagu semua aktivitas selama Ramadan. https://t.co/r5lONzC7IZ","2022-04-17 06:52:00","1"
"Vsanesha","@LASTYLUDEN @LASTYLUDEN Aaaakkk, Giddy, Ervin dari 1MSAK cakittt perutt karena abis mam cireng ung. Tapi aku tau jawabannya! Pasti itu enervon c","2022-04-17 06:35:42","1"
"baeyiq","@LASTYLUDEN Aaaakkk, Giddy, Dena dari 1MSAK cakittt perutt karena abis mam cireng ung. Tapi aku tau jawabannya! Pasti itu Enervon c.","2022-04-17 06:35:13","1"
"Vsanesha","@LASTYLUDEN Aaaakkk, Giddy, Ervin dari 1MSAK cakittt perutt karena abis mam cireng ung. Tapi aku tau jawabannya! Pasti itu enervon C","2022-04-17 06:35:02","1"
"Y0EONJUN","@LASTYLUDEN Aaaakkk, Giddy, Riel dari +2AJA cakittt perutt karena abis mam cireng ung. Tapi aku tau jawabannya! Pasti itu enervon c","2022-04-17 06:34:17","1"
"bonha","@LASTYLUDEN Aaaakkk, Giddy, Bianca dari LUD3N cakittt perutt karena abis mam cireng ung. Tapi aku tau jawabannya! Pasti itu Enervon C","2022-04-17 06:34:15","1"
"isealee","@LASTYLUDEN Aaaakkk, Giddy, Claudi dari +2AJA cakittt perutt karena abis mam cireng ung. Tapi aku tau jawabannya! Pasti itu Enervon c.","2022-04-17 06:34:06","1"
"Kavzuha","@LASTYLUDEN Aaaakkk, Giddy, Calista dari 4MBIS cakittt perutt karena abis mam cireng ung. Tapi aku tau jawabannya! Pasti itu ENERVON C","2022-04-17 06:34:02","1"
"Ningyeizhuo","@LASTYLUDEN @LASTYLUDEN Aaaakkk, Giddy, azurra dari +2AJA cakittt perutt karena abis mam cireng ung. Tapi aku tau jawabannya! Pasti itu Enervon C.","2022-04-17 06:34:02","1"
"HAENCHA","@LASTYLUDEN Aaaakkk, Giddy, Ezel dari +2AJA cakittt perutt karena abis mam cireng ung. Tapi aku tau jawabannya! Pasti itu Enervon C","2022-04-17 06:34:02","1"
"rakafm_bandung","Selama berpuasa, bila perlu minum Enervon-C dan Enervon Active saat sahur dan berbuka. Bikin semangatmu on terus dan dapat #JalaniBersamaTanpaRagu semua aktivitas selama Ramadan. https://t.co/s0XWVyZRPi","2022-04-17 03:30:00","1"
"sonora_bandung","Selama berpuasa, bila perlu minum Enervon-C dan Enervon Active saat sahur dan berbuka. Bikin semangatmu on terus dan dapat #JalaniBersamaTanpaRagu semua aktivitas selama Ramadan. https://t.co/ep8uZhUwOF","2022-04-11 06:20:00","1"
"rakafm_bandung","Selama berpuasa, bila perlu minum Enervon-C dan Enervon Active saat sahur dan berbuka. Bikin semangatmu on terus dan dapat #JalaniBersamaTanpaRagu semua aktivitas selama Ramadan.

#BiarGakGampangSakit #BersamaMajuJagaIndonesia #Ramadan #Ramadan2022 https://t.co/uXzJ61ceEG","2022-04-11 03:30:00","1"
"katalogpromo_id","‚Äº FLASH SALE ‚Äº

Ô∏è‚ú® Enervon C Caplet 30's / Vitamin / Vitamin C / Suplemen / Daya Tahan Tubuh‚ú®

‚õîÔ∏è DISKON 12%
                
https://t.co/zNkUza9Us5 https://t.co/BW4DOlsUEl","2022-04-09 12:44:12","1"
"farmaku","-continue 

Enervon C sangat berguna untuk membantu menjaga daya tahan tubuh. Kombinasi vitamin C dan B komplek yang diperlukan untuk tubuh yang kekurangan vitamin, supaya daya tahan tubuh tetap terjaga serta membantu memulihkan kondisi setelah sakit.

https://t.co/TbMISd2lny https://t.co/4EcbOO51gR","2022-04-04 09:06:36","1"
"farmaku","4. Enervon C 
Rp. 38.400/botol (30butir)
https://t.co/TbMISd2lny

Enervon C merupakan suplemen makanan yang mengandung multivitamin untuk daya tahan tubuh seperti Vitamin C, Vitamin B1, Vitamin B2, Vitamin B6, Vitamin B12, Vitamin D, Niacinamide, Kalsium pantotenat. -continue","2022-04-04 09:05:56","1"
"Trans7OnTheSpot","Jangan lengah, terus perketat protokol kesehatanmu! OTS bakal bahas varian Omicron di Indonesia, dari mana asalnya dan cara menghindarinya? Nonton #OnTheSpot jam 18.00 WIB. @ENERVON_C #T7 https://t.co/fgH8YX1cTx","2022-02-23 10:00:00","1"
"Media_linked","TRANS7: Jangan lengah, jangan kalah! Perketat protokol kesehatan dan perkuat daya tahan tubuhmu agar terhindar dari COVID-19. Jangan lewatkan #OnTheSpot untuk fakta-fakta varian Omicron yang terus merangkak naik jam 6 sore ini. @ENERVON_C #T7 https://t.co/fbswE9W4GA","2022-02-23 08:25:11","1"
"Trans7OnTheSpot","Virus Omicron penularannya lebih cepat dibanding varian COVID-19 sebelumnya? Nonton #OnTheSpot untuk fakta penting seputar varian Omicron yang terus merangkak naik sore ini jam 18.00 WIB. @ENERVON_C #T7 https://t.co/HNBX219cgK","2022-02-23 08:00:00","1"
"Trans7OnTheSpot","Mau tau fakta-fakta penting seputar varian Omicron di Indonesia? Bagaimana pencegahan untuk menghindarinya? Tonton informasi selengkapnya di #OnTheSpot jam 18.00 WIB. @ENERVON_C #T7 https://t.co/JaUAAhhIpG","2022-02-23 05:01:00","1"
"TRANS7","Jangan lengah, jangan kalah! Perketat protokol kesehatan dan perkuat daya tahan tubuhmu agar terhindar dari COVID-19. Jangan lewatkan #OnTheSpot untuk fakta-fakta varian Omicron yang terus merangkak naik jam 6 sore ini. @ENERVON_C #T7 https://t.co/viz7mrFTFU","2022-02-23 05:01:00","1"
"kukuh12","Temukan ENERVON C [ISI 30 TABLET] SUPLEMEN MULTIVITAMIN DAYA TAHAN TUBUH dengan potongan 45%! Hanya Rp37.888. Dapatkan segera di Shopee! https://t.co/FqW7kK1Ed9 #ShopeeID https://t.co/xS1DNt7O5f","2022-02-20 18:07:51","1"
"ethaerglo","@hihopely @ghaneras rame banget nih temen-temendul. kalau ethan sih sukanya enervon c https://t.co/DS8WLoKkMM","2022-02-18 04:40:21","1"
"prmtasdc","@ohmybeautybank Enervon C buat daya tahan tubuh
Ever E buat kulit biar ga keriputan https://t.co/wvPGpz2qu5","2022-02-16 18:27:13","1"
"sazisal","Enervon C Multivitamin
untuk daya tahan tubuh
isi 30 tab
Beli disini diskon https://t.co/24865yQOty","2022-01-09 08:19:51","1"
"thestudyneeds","Enervon C

üí∞Rp20.134 - Rp24.844
Link: https://t.co/6glDbXxpuj https://t.co/G4ZjnZ3fdx","2022-01-06 09:21:38","1"
"Serbakuis","Ibu Siaga Enervon Challenge Berhadiah SAMSUNG A32, Air Fryer, dll https://t.co/owJ1GFPUzS https://t.co/J9L702gkL9","2021-12-16 07:23:03","1"
"AlatPijatKaki","enervon c untuk asam urat","2021-11-05 05:53:29","1"
"AlatPijatKaki","enervon c untuk asam urat","2021-10-23 17:53:30","1"
"AlatPijatKaki","enervon c untuk asam urat","2021-10-22 15:23:30","1"
"sehatq","Kabar baik #KeluargaSehatQ, hari ini Sentra Vaksin SehatQ kembali digelar di pusat perbelanjaan QBig, BSD City, Tangerang.

Spesialnya, acara kali ini didukung oleh Enervon-C @ENERVON_C  suplemen multivitamin penjaga daya tahan tubuh walaupun sudah vaksin.

#JagaDiriUntukNegeri https://t.co/Jy2FaWDPVW","2021-10-21 10:27:05","1"
"AlatPijatKaki","enervon c untuk asam urat","2021-10-19 23:53:29","1"
"sehatq","Pastikan konsumsi @enervon.id setelah vaksin. Kandungan Vit. C serta 6 vit. B kompleks (B1,B2, B3,B5,B6&amp;B12) yg terbukti tingkatkan imun &amp; bantu metabolisme pembentukan energi, kombinasinya hasilkan daya tahan tubuh optimal &amp; lebih lama #BiarGakGampangSakit
#JagaDiriUntukNegeri https://t.co/sshdah3fGQ","2021-10-15 03:24:28","1"
"sehatq","Yuk cari tahu bagaimana ""Menjaga Imunitas Tubuh Pasca Vaksin"". Ikuti Webinar SehatQ &amp; EnervonC, pada 14 Oktober 2021, jam 19.00 WIB

Daftar registrasi melalui: https://t.co/qWb2JzF9nK 

Jangan sampai ketinggalan ya!
#BiarGakGampangSakit
#JagaDiriUntukNegeri
@ENERVON_C https://t.co/MPhvm5XiLX","2021-10-11 12:27:59","1"
"AlatPijatKaki","enervon c untuk asam urat","2021-10-10 04:23:30","1"
"AlatPijatKaki","enervon c untuk asam urat","2021-10-07 18:23:28","1"
"BenHidupSehat","Saya menjual Enervon C - Multivita... seharga Rp49.000. Dapatkan di Shopee sekarang! https://t.co/bv507IjTQV #ShopeeID https://t.co/WSuGxLjkiy","2021-10-07 14:39:22","1"
"sehatq","Jaga kesehatan keluarga kamu dan nonton Live Instagram SehatQ &amp; Enervon C, ""Proteksi Extra Untuk Keluarga Pasca Vaksin COVID-19"". 

Pada Kamis, 7 Oktober 2021, 16.00 WIB. Bersama dr Ray Wijaya, Host Chika Audika dan Brand Manager Enervon C Gigih Rengga Yudhistira. https://t.co/5jrQJV0yM3","2021-10-05 03:00:01","1"
"BenHidupSehat","Saya menjual Enervon Active - Multi... seharga Rp9.000. Dapatkan di Shopee sekarang! https://t.co/GJUz8T1XEH #ShopeeID https://t.co/KAAureoxWy","2021-10-03 18:12:50","1"
"BenHidupSehat","Saya menjual Enervon Active 30 Tab... seharga Rp50.000. Dapatkan di Shopee sekarang! https://t.co/aZS1Ay8CFW #ShopeeID https://t.co/4VjYwYdSFb","2021-10-03 18:11:13","1"
"sehatq","#KeluargaSehatQ ingat, sudah vaksin bukan berarti kebal penyakit, ya! Risiko terkena infeksi parah memang menurun, tapi kita masih perlu taat protokol kesehatan dan mencukupi kebutuhan vitamin agar imunitas tubuh tetap terjaga, salah satunya dengan minum Enervon C. https://t.co/fHdQxu73yM","2021-09-30 10:00:00","1"
"AlatPijatKaki","enervon c untuk asam urat","2021-09-25 08:23:31","1"
"jimmy_lay","Ready kembali enervon C dan Enervon Active 
bisa check link https://t.co/58ErpcWHqb Harga terjangkau dan Produk Original langsung dari pabriknya bos
Price: 
enervon active Rp. 6.499
enervon C Rp. 37.899 
#onlineshop #onlineshopping #vitamin #VitaminC #enervon #AktivitasTanpaBatas https://t.co/ierktS4fno","2021-09-22 04:46:00","1"
"misha_cute","Saya menjual Enervon C Strip isi 4... seharga Rp40.999. Dapatkan di Shopee sekarang! https://t.co/UbPRUWEy86 #ShopeeID https://t.co/jbzF5wbADH","2021-09-14 04:01:36","1"
"AlatPijatKaki","enervon c untuk asam urat","2021-09-13 21:53:28","1"
"ItsYour_Health","Saya menjual Enervon C Multivitamin Vita... seharga Rp. Dapatkan di Shopee sekarang! https://t.co/cFDH4wDsDm #ShopeeID https://t.co/PnSd76B8ws","2021-09-09 19:36:38","1"
"mlg_ferd","Saya menjual Enervon C Active / E... seharga Rp163.500. Dapatkan di Shopee sekarang! https://t.co/MCM3D8YWck #ShopeeID https://t.co/sZOEOAi1dY","2021-08-28 01:05:46","1"
"mlg_ferd","Saya menjual Enervon C Active / E... seharga Rp129.000. Dapatkan di Shopee sekarang! https://t.co/MCM3D8YWck #ShopeeID https://t.co/r00MZS8ezO","2021-08-28 01:05:01","1"
"AlatPijatKaki","enervon c untuk asam urat","2021-08-26 15:23:34","1"
"chococookiee_","@wlteskiesy @peachyrollss List toko bebas ongkir extra
1. Miniso
2. Dettol
3. Garuda food
4. Wings 
5. Nature republic (beberapa) 
6. Missha Indonesia (beberapa) 
7. GM bear (beberapa) 
8. Unicharm
9. Evangeline
10. Pixy
11. Starco
12. Enervon C 
13. P&amp;G
14. Dear me beauty
15. Lock&amp;lock
16. Happy cat&amp;dog","2021-08-16 07:15:37","1"
"misha_cute","Saya menjual Enervon C Strip isi 4... seharga Rp47.500. Dapatkan di Shopee sekarang! https://t.co/UbPRUWEy86 #ShopeeID https://t.co/hA51z5J4ab","2021-08-04 01:19:34","1"
"AlatPijatKaki","enervon c untuk asam urat","2021-08-02 19:53:33","1"
"MSAccel","Indikasi dan Harga Enervon C Strip¬†Tablet https://t.co/kXvk6kyUsa","2021-08-02 02:02:29","1"
"AlatPijatKaki","enervon c untuk asam urat","2021-08-01 04:23:36","1"
"mlg_ferd","Saya menjual Enervon C/ enervon C... seharga Rp150.000. Dapatkan di Shopee sekarang! https://t.co/6lNX4fruZF #ShopeeID https://t.co/LCVig4hzaj","2021-07-31 14:11:57","1"
"mlg_ferd","Saya menjual Enervon C/ enervon C... seharga Rp150.000. Dapatkan di Shopee sekarang! https://t.co/6lNX4fruZF #ShopeeID https://t.co/ucJmxemSTe","2021-07-30 15:32:24","1"
"heyitstian","@andrihasmansyah @BiLLRaY2019 Aku jual enervon c botol isi 30... harganya cuma 48k aja..","2021-07-25 10:12:51","1"
"heyitstian","@mutiaraprtw_ Aku ada kakk 2 botol enervon c isi 30.. satunya 48rb.. kali aja minat","2021-07-25 10:11:59","1"
"heyitstian","@firstkoest Maaf jbjb aku jual kakk Enervon C isi 30 tablet.. ada 2 botol.. satunya 48rb (ga pake harga naik berkali2 lipat)","2021-07-25 10:09:36","1"
"BenHidupSehat","Saya menjual Enervon C 25 Strip X... seharga Rp140.000. Dapatkan di Shopee sekarang! https://t.co/xev2G713G0 #ShopeeID https://t.co/Zi8vlfU4aW","2021-07-22 00:28:37","1"
"misha_cute","Saya menjual Enervon C Strip isi 4... seharga Rp45.500. Dapatkan di Shopee sekarang! https://t.co/UbPRUWEy86 #ShopeeID https://t.co/dT9M8VQV6w","2021-07-21 07:06:49","1"
"AlatPijatKaki","enervon c untuk asam urat","2021-07-19 14:23:33","1"
"enervonactiveid","Penuhi kebutuhan vitamin harian untuk perkuat imun! 
Enervon Active siap untuk jaga imunmu! #stayactive","2021-07-16 11:44:49","1"
"pdhlbukan","@txtdarigajelas Vitamin C standar aja kek Enervon C, kalo yg D ini 25rb satunya https://t.co/YcpWcwFkSl","2021-07-16 08:44:56","1"
"promolistid","Promo Vitamin Imboost &amp; Enervon C Mulai Dari Rp 29.200 Di Lotte Mart: ‚†Ä‚†Ä‚†Ä‚†Ä‚†Ä‚†Ä‚†Ä ‚†Ä‚†Ä Hi LoFriends! Promo akhir pekan sudah tersedia di LOTTE Mart loh. Jangan sampai terlewat semua promonya ya. Yuk belanja ke‚Ä¶ https://t.co/HQk0F6J3fJ #promolist #katalogpromo #katalogpromosi","2021-07-16 07:03:03","1"
"AlatPijatKaki","enervon c untuk asam urat","2021-07-16 01:23:39","1"
"enervonactiveid","Pandemi Belum Berakhir! 

Cegah penularan virus dengan imun yang terjaga! Konsumsi Enervon Active sebagai Proteksi Diri

#jagadirijagaaktivitas 
Lindungi Diri dan Keluarga dengan Enervon Active https://t.co/MPWcBqWzli","2021-07-14 00:13:14","1"
"enervonactiveid","Fakta lho, Actizens kalau Zinc dapat membantu penyerapan Vitamin-C untuk tubuh karena fungsi Zinc sendiri mengatur sistem kekebalan tubuh sendangkan, Vitamin-C menjaga kekabalan tubuh kita. 

Jangan lupa minum Enervon Active untuk menjaga imun di masa pandemi ini, Actizens! https://t.co/2AQAANj7J9","2021-07-14 00:05:18","1"
"enervonactiveid","Hello Actizen! Gimana Aktivitas selama PPKM seminggu ini? 

Yuk jaga imun dan jaga aktivitasmu dengan Enervon Active 

#jagadirijagaaktivitas #enervonactive","2021-07-14 00:04:14","1"
"Haedar_badi","Saya menjual ENERVON C BOTOL/ 30 T... seharga Rp50.000. Dapatkan di Shopee sekarang! https://t.co/SSfQxWfge2 #ShopeeID https://t.co/qYiQt1bgeS","2021-07-12 23:27:28","1"
"tiger052374","Bioflu
Celetique'
Surf active clean
Enervon
VitaSoy
Jollibee burger steak
Neozep
Hansel 
Yamaha Mio
Conzace
Joy expert
Dolfenal
AXE
 Orange Tang
Tiki-Tiki
Second gap ads 
#Ni√±aNi√±oCelebration","2021-07-12 11:51:17","1"
"TaeTaengie","Pejuang negatif üí™üí™
Ayok semangat, makannya dibanyakin. saran vitamin yg bagus antara lain imboost, redoxon, enervon c active. barengin minum madu sehari 2x, makan telur rebus 2x sehari karna vitamin D nya banyak bgt dan jg susu (apa aja yg penting kadar gulanya ga banyak)--","2021-07-06 04:41:56","1"
"nctlimepunch","Kung jayo endorser ng enervon bbili ako ng isang box hahahah","2021-07-03 01:53:13","1"
"Genpi_Co","Jangan sepelekan, Khasiat suplemen Enervon C ternyata sangat mencengangkan untuk kesehatan. #enervonc https://t.co/H789ChDNQv","2021-06-28 03:36:02","1"
"farmaku","Enervon C bermanfaat untuk membantu menjaga daya tahan tubuh. Suplemen multivitamin ini mengandung vitamin C, niasinamida, kalsium pantotenat, vitamin; B1, B2, B6,  &amp;  B12 yang aman di konsumsi setiap hari. 

Beli Enervon C di Farmaku lebih hemat!ü•∞
#Farmaku #vitaminc #enervonc https://t.co/C6A0EkWAGN","2021-06-27 10:00:01","1"
"txtracunbelanja","Enervon C / Multivitamin

üí∞ Rp25.000. 
Link : https://t.co/FTC4vCuLcr https://t.co/44gOwP9qwt","2021-06-21 09:39:20","1"
"misha_cute","Saya menjual Enervon C Strip isi 4... seharga Rp45.000. Dapatkan di Shopee sekarang! https://t.co/UbPRUWEy86 #ShopeeID https://t.co/QQIuQAXevn","2021-06-12 02:53:14","1"
"leemarkedme","@jaemrkleehc NUNG NAGBUBUNTIS KASI ANG AKING MAMA GINAWA NYANG TUBIG ANG ENERVON ü§©ü§©ü§©","2021-06-02 13:30:33","1"
"scammerKD","Naka enervon lhat ng mga andto..ang hyper neo...hahahaha dmi q tawa sa inyoh.. D q na mainum inum ung ininum q..hahhahhaha

Go @bakaroceyan Kaya muh yan..wuuuoohhh idol..hahahahahahahah https://t.co/JJ5bVrnMIN","2021-06-02 10:47:40","1"
"Lukmansitompul5","Beli Enervon C isi 30 tablet 
https://t.co/6Xeiy9mZon di toko Apotek Given Jaya Farma Rp52.000 di Tokopedia dengan Bebas Ongkir, Sekarang!","2021-05-17 05:20:46","1"
"yasernnn","mag enervon ka kaya Olivia da ran'tk iyan!","2021-05-17 02:01:04","1"
"domsche01","@ikayabc De kasalanan talaga ng host hahahah #enervon","2021-05-17 01:37:37","1"
"daintysoleil_","TRENDING ENERVON DAHIL KAY OLIVIA KSHSBBAJABAB","2021-05-17 01:09:07","1"
"hyunleehl","gago kayo bakit trending enervon HAHAHAHAHAHAHAHAHAHAHHA","2021-05-17 01:02:37","1"
"meiselmo","Gai ug enervon alayon si Olivia bai","2021-05-17 01:00:38","1"
"ricoactorwriter","@macoydubs1 Ahahahahahahhahaha baka walang Enervon sa kanila ahahahh","2021-05-17 00:59:06","1"
"yukaemin","@yenhyuck HAHAHAHHAHAHAHAH kelangan ata ng enervon","2021-05-17 00:53:49","1"
"fayeppercorns","Ayy naka-enervon si Miss Great Britain. Ganyan dapat Olivia!

#MissUniverse
#PHILIPPINES 
Go Ibyang","2021-05-17 00:50:03","1"
"jowlegraysmarey","okay ranis olivia oy? Hatagi nnyog enervon be","2021-05-17 00:36:12","1"
"sodiumcart","@9701cart HAHAHAHAHAAHAHAHAHAHAHAHAHAHAHAHAHA TAWANG TAWA AKO POTA BAT DI KASI NAG ENERVON","2021-05-13 08:59:15","1"
"iradiobdg","Ramadhan telah tiba
Agar puasa kamu lancar dan imunitas kamu terjaga plus tetap bisa beraktivitas, jangan lupa konsumsi makanan bernutrisi saat berbuka dan sahur, dan jangan lupa konsumsi 1 caplet enervon c atau enervon active, supaya ibadah kamu lancar dan aktivitas pun lancar. https://t.co/ikuRhsOD0K","2021-05-12 07:00:00","1"
"hardrockfmbdg","Ramadhan telah tiba
Agar puasa kamu lancar dan imunitas kamu terjaga plus tetap bisa beraktivitas, jangan lupa konsumsi makanan bernutrisi saat berbuka dan sahur, dan jangan lupa konsumsi 1 caplet Enervon C atau Enervon Active, supaya ibadah kamu lancar dan aktivitas pun lancar https://t.co/qbYvRfFxcl","2021-05-12 04:00:01","1"
"iradiobdg","Ramadhan telah tiba
Agar puasa kamu lancar dan imunitas kamu terjaga plus tetap bisa beraktivitas, jangan lupa konsumsi makanan bernutrisi saat berbuka dan sahur, dan jangan lupa konsumsi 1 caplet enervon c atau enervon active, supaya ibadah kamu lancar dan aktivitas pun lancar. https://t.co/AdrsRaxzDO","2021-05-11 07:00:00","1"
"iradiobdg","Ramadhan telah tiba
Agar puasa kamu lancar dan imunitas kamu terjaga plus tetap bisa beraktivitas, jangan lupa konsumsi makanan bernutrisi saat berbuka dan sahur, dan jangan lupa konsumsi 1 caplet enervon c atau enervon active, supaya ibadah kamu lancar dan aktivitas pun lancar. https://t.co/mzxBImIvRK","2021-05-10 07:00:00","1"
"hardrockfmbdg","Ramadhan telah tiba
Agar puasa kamu lancar dan imunitas kamu terjaga plus tetap bisa beraktivitas, jangan lupa konsumsi makanan bernutrisi saat berbuka dan sahur, dan jangan lupa konsumsi 1 caplet Enervon C atau Enervon Active, supaya ibadah kamu lancar dan aktivitas pun lancar https://t.co/WBsJB2fdZE","2021-05-10 04:00:00","1"
"iradiobdg","Ramadhan telah tiba
Agar puasa kamu lancar dan imunitas kamu terjaga plus tetap bisa beraktivitas, jangan lupa konsumsi makanan bernutrisi saat berbuka dan sahur, dan jangan lupa konsumsi 1 caplet enervon c atau enervon active, supaya ibadah kamu lancar dan aktivitas pun lancar. https://t.co/IZb8QgBLxU","2021-05-09 07:00:00","1"
"hardrockfmbdg","Ramadhan telah tiba
Agar puasa kamu lancar dan imunitas kamu terjaga plus tetap bisa beraktivitas, jangan lupa konsumsi makanan bernutrisi saat berbuka dan sahur, dan jangan lupa konsumsi 1 caplet Enervon C atau Enervon Active, supaya ibadah kamu lancar dan aktivitas pun lancar https://t.co/uX72sbxVP4","2021-05-08 04:00:00","1"
"iradiobdg","Ramadhan telah tiba
Agar puasa kamu lancar dan imunitas kamu terjaga plus tetap bisa beraktivitas, jangan lupa konsumsi makanan bernutrisi saat berbuka dan sahur, dan jangan lupa konsumsi 1 caplet enervon c atau enervon active, supaya ibadah kamu lancar dan aktivitas pun lancar. https://t.co/J0ldD5H3wZ","2021-05-07 07:00:01","1"
"ELFARAFM","@enervonactive, multivitamin dengan kandungan Vit C, Vit B Kompleks dan Zinc yang bikin kita tetap berenergi selalu.
@enervon.id, multivitamin dengan kandungan Vit C dan Vit B Kompleks yang bagus untuk menjaga daya tahan tubuh biar nggak gampang sakit.

#JagaDiri #JagaAktivitas","2021-05-07 03:50:02","1"
"ELFARAFM","Puasa sambil ngerjain skripsi, ngerjain kerjaan kantor, atau aktivitas lainnya memang bikin energi mudah terkuras Elfriend. Biar badan kita tetap fit dan nggak gampang lelah buat beraktivitas sambil puasaan, jaga diri lewat @enervonactive &amp; @enervon.id https://t.co/FUDYlR1ze6","2021-05-07 03:49:38","1"
"iradiobdg","Ramadhan telah tiba
Agar puasa kamu lancar dan imunitas kamu terjaga plus tetap bisa beraktivitas, jangan lupa konsumsi makanan bernutrisi saat berbuka dan sahur, dan jangan lupa konsumsi 1 caplet enervon c atau enervon active, supaya ibadah kamu lancar dan aktivitas pun lancar. https://t.co/Wk0JDRTEkM","2021-05-06 07:00:00","1"
"hardrockfmbdg","Ramadhan telah tiba
Agar puasa kamu lancar dan imunitas kamu terjaga plus tetap bisa beraktivitas, jangan lupa konsumsi makanan bernutrisi saat berbuka dan sahur, dan jangan lupa konsumsi 1 caplet Enervon C atau Enervon Active, supaya ibadah kamu lancar dan aktivitas pun lancar https://t.co/0k9bHBsHF1","2021-05-06 04:00:00","1"
"jahshappy","Yasss enervon lang sakalam HAHAHHAHAH 

@SB19Official #SB19
#IkawPaRinAngBBQ","2021-05-05 08:16:50","1"
"iradiobdg","Ramadhan telah tiba
Agar puasa kamu lancar dan imunitas kamu terjaga plus tetap bisa beraktivitas, jangan lupa konsumsi makanan bernutrisi saat berbuka dan sahur, dan jangan lupa konsumsi 1 caplet enervon c atau enervon active, supaya ibadah kamu lancar dan aktivitas pun lancar. https://t.co/kOjzi1gvKh","2021-05-05 07:00:00","1"
"hardrockfmbdg","Ramadhan telah tiba
Agar puasa kamu lancar dan imunitas kamu terjaga plus tetap bisa beraktivitas, jangan lupa konsumsi makanan bernutrisi saat berbuka dan sahur, dan jangan lupa konsumsi 1 caplet Enervon C atau Enervon Active, supaya ibadah kamu lancar dan aktivitas pun lancar https://t.co/Xa7UxzGAmO","2021-05-05 04:00:00","1"
"iradiobdg","Ramadhan telah tiba
Agar puasa kamu lancar dan imunitas kamu terjaga plus tetap bisa beraktivitas, jangan lupa konsumsi makanan bernutrisi saat berbuka dan sahur, dan jangan lupa konsumsi 1 caplet enervon c atau enervon active, supaya ibadah kamu lancar dan aktivitas pun lancar. https://t.co/vZJIxEqRCg","2021-05-04 07:00:01","1"
"hardrockfmbdg","Ramadhan telah tiba
Agar puasa kamu lancar dan imunitas kamu terjaga plus tetap bisa beraktivitas, jangan lupa konsumsi makanan bernutrisi saat berbuka dan sahur, dan jangan lupa konsumsi 1 caplet Enervon C atau Enervon Active, supaya ibadah kamu lancar dan aktivitas pun lancar https://t.co/WCKcHvJeSk","2021-05-04 04:00:00","1"
"ELFARAFM","@enervonactive, multivitamin dengan kandungan Vit C, Vit B Kompleks dan Zinc yang bikin kita tetap berenergi selalu.
@enervon.id, multivitamin dengan kandungan Vit C dan Vit B Kompleks yang bagus untuk menjaga daya tahan tubuh biar nggak gampang sakit.

#JagaDiri #JagaAktivitas","2021-05-04 03:12:35","1"
"ELFARAFM","Puasa sambil ngerjain skripsi, ngerjain kerjaan kantor, atau aktivitas lainnya memang bikin energi mudah terkuras Elfriend. Biar badan kita tetap fit dan nggak gampang lelah buat beraktivitas sambil puasaan, jaga diri lewat @enervonactive &amp; @enervon.id https://t.co/aKDMNBuZdZ","2021-05-04 03:12:20","1"
"hardrockfmbdg","Ramadhan telah tiba
Agar puasa kamu lancar dan imunitas kamu terjaga plus tetap bisa beraktivitas, jangan lupa konsumsi makanan bernutrisi saat berbuka dan sahur, dan jangan lupa konsumsi 1 caplet Enervon C atau Enervon Active, supaya ibadah kamu lancar dan aktivitas pun lancar https://t.co/cIfa9Q8R7a","2021-05-03 04:00:00","1"
"iradiobdg","Ramadhan telah tiba
Agar puasa kamu lancar dan imunitas kamu terjaga plus tetap bisa beraktivitas, jangan lupa konsumsi makanan bernutrisi saat berbuka dan sahur, dan jangan lupa konsumsi 1 caplet enervon c atau enervon active, supaya ibadah kamu lancar dan aktivitas pun lancar. https://t.co/KlMPKHljaK","2021-05-02 07:00:00","1"
"hardrockfmbdg","Ramadhan telah tiba
Agar puasa kamu lancar dan imunitas kamu terjaga plus tetap bisa beraktivitas, jangan lupa konsumsi makanan bernutrisi saat berbuka dan sahur, dan jangan lupa konsumsi 1 caplet Enervon C atau Enervon Active, supaya ibadah kamu lancar dan aktivitas pun lancar https://t.co/a77ybkS4Nd","2021-05-02 06:10:00","1"
"iradiobdg","Ramadhan telah tiba
Agar puasa kamu lancar dan imunitas kamu terjaga plus tetap bisa beraktivitas, jangan lupa konsumsi makanan bernutrisi saat berbuka dan sahur, dan jangan lupa konsumsi 1 caplet enervon c atau enervon active, supaya ibadah kamu lancar dan aktivitas pun lancar. https://t.co/gxGL8wNni8","2021-05-01 07:00:00","1"
"hardrockfmbdg","Ramadhan telah tiba
Agar puasa kamu lancar dan imunitas kamu terjaga plus tetap bisa beraktivitas, jangan lupa konsumsi makanan bernutrisi saat berbuka dan sahur, dan jangan lupa konsumsi 1 caplet Enervon C atau Enervon Active, supaya ibadah kamu lancar dan aktivitas pun lancar https://t.co/GD1dglnNlY","2021-05-01 02:00:00","1"
"ELFARAFM","@enervonactive, multivitamin dengan kandungan Vit C, Vit B Kompleks dan Zinc yang bikin kita tetap berenergi selalu.
@enervon.id, multivitamin dengan kandungan Vit C dan Vit B Kompleks yang bagus untuk menjaga daya tahan tubuh biar nggak gampang sakit.

#JagaDiri #JagaAktivitas","2021-05-01 01:24:18","1"
"ELFARAFM","Puasa sambil ngerjain skripsi, ngerjain kerjaan kantor, atau aktivitas lainnya memang bikin energi mudah terkuras Elfriend. Biar badan kita tetap fit dan nggak gampang lelah buat beraktivitas sambil puasaan, jaga diri lewat @enervonactive &amp; @enervon.id https://t.co/6PtiFCjsqT","2021-05-01 01:24:06","1"
"iradiobdg","Ramadhan telah tiba
Agar puasa kamu lancar dan imunitas kamu terjaga plus tetap bisa beraktivitas, jangan lupa konsumsi makanan bernutrisi saat berbuka dan sahur, dan jangan lupa konsumsi 1 caplet enervon c atau enervon active, supaya ibadah kamu lancar dan aktivitas pun lancar. https://t.co/kcTorPb0Yn","2021-04-30 07:00:01","1"
"hardrockfmbdg","Ramadhan telah tiba
Agar puasa kamu lancar dan imunitas kamu terjaga plus tetap bisa beraktivitas, jangan lupa konsumsi makanan bernutrisi saat berbuka dan sahur, dan jangan lupa konsumsi 1 caplet Enervon C atau Enervon Active, supaya ibadah kamu lancar dan aktivitas pun lancar https://t.co/jK4lyPWf3V","2021-04-30 04:00:00","1"
"ELFARAFM","@enervonactive, multivitamin dengan kandungan Vit C, Vit B Kompleks dan Zinc yang bikin kita tetap berenergi selalu.
@enervon.id, multivitamin dengan kandungan Vit C dan Vit B Kompleks yang bagus untuk menjaga daya tahan tubuh biar nggak gampang sakit.

#JagaDiri #JagaAktivitas","2021-04-30 03:54:20","1"
"ELFARAFM","Puasa sambil ngerjain skripsi, ngerjain kerjaan kantor, atau aktivitas lainnya memang bikin energi mudah terkuras Elfriend. Biar badan kita tetap fit dan nggak gampang lelah buat beraktivitas sambil puasaan, jaga diri lewat @enervonactive &amp; @enervon.id https://t.co/tSnWtAVd9Y","2021-04-30 03:54:04","1"
"iradiobdg","Ramadhan telah tiba
Agar puasa kamu lancar dan imunitas kamu terjaga plus tetap bisa beraktivitas, jangan lupa konsumsi makanan bernutrisi saat berbuka dan sahur, dan jangan lupa konsumsi 1 caplet enervon c atau enervon active, supaya ibadah kamu lancar dan aktivitas pun lancar. https://t.co/ray6MVsiEm","2021-04-29 07:00:00","1"
"hardrockfmbdg","Ramadhan telah tiba
Agar puasa kamu lancar dan imunitas kamu terjaga plus tetap bisa beraktivitas, jangan lupa konsumsi makanan bernutrisi saat berbuka dan sahur, dan jangan lupa konsumsi 1 caplet Enervon C atau Enervon Active, supaya ibadah kamu lancar dan aktivitas pun lancar https://t.co/XLZBYOGVbt","2021-04-29 04:00:00","1"
"ELFARAFM","@enervonactive, multivitamin dengan kandungan Vit C, Vit B Kompleks dan Zinc yang bikin kita tetap berenergi selalu. @enervon.id, multivitamin dengan kandungan Vit C dan Vit B Kompleks yang bagus untuk menjaga daya tahan tubuh biar nggak gampang sakit.
#JagaDiri #JagaAktivitas","2021-04-28 23:48:59","1"
"ELFARAFM","Puasa sambil ngerjain skripsi, ngerjain kerjaan kantor, atau aktivitas lainnya memang bikin energi mudah terkuras Elfriend. Biar badan kita tetap fit dan nggak gampang lelah buat beraktivitas sambil puasaan, jaga diri lewat @enervonactive &amp; @enervon.id https://t.co/7bIyFyzv5z","2021-04-28 23:48:24","1"
"ELFARAFM","@enervonactive, multivitamin dengan kandungan Vit C, Vit B Kompleks dan Zinc yang bikin kita tetap berenergi selalu. @enervon.id, multivitamin dengan kandungan Vit C dan Vit B Kompleks yang bagus untuk menjaga daya tahan tubuh biar nggak gampang sakit.

#JagaDiri #JagaAktivitas","2021-04-28 07:24:37","1"
"ELFARAFM","Puasa sambil ngerjain skripsi, ngerjain kerjaan kantor, atau aktivitas lainnya memang bikin energi mudah terkuras Elfriend. Biar badan kita tetap fit dan nggak gampang lelah buat beraktivitas sambil puasaan, jaga diri lewat @enervonactive &amp; @enervon.id https://t.co/IAuBf2rpd6","2021-04-28 07:24:22","1"
"iradiobdg","Ramadhan telah tiba
Agar puasa kamu lancar dan imunitas kamu terjaga plus tetap bisa beraktivitas, jangan lupa konsumsi makanan bernutrisi saat berbuka dan sahur, dan jangan lupa konsumsi 1 caplet enervon c atau enervon active, supaya ibadah kamu lancar dan aktivitas pun lancar. https://t.co/QtWinyx2oJ","2021-04-28 07:00:01","1"
"hardrockfmbdg","Ramadhan telah tiba
Agar puasa kamu lancar dan imunitas kamu terjaga plus tetap bisa beraktivitas, jangan lupa konsumsi makanan bernutrisi saat berbuka dan sahur, dan jangan lupa konsumsi 1 caplet Enervon C atau Enervon Active, supaya ibadah kamu lancar dan aktivitas pun lancar https://t.co/BSPWSmLARF","2021-04-28 04:00:00","1"
"ELFARAFM","@enervonactive, multivitamin dengan kandungan Vit C, Vit B Kompleks dan Zinc yang bikin kita tetap berenergi selalu. @enervon.id, multivitamin dengan kandungan Vit C dan Vit B Kompleks yang bagus untuk menjaga daya tahan tubuh biar nggak gampang sakit.

#JagaDiri #JagaAktivitas","2021-04-27 04:19:19","1"
"ELFARAFM","Puasa sambil ngerjain skripsi, ngerjain kerjaan kantor, atau aktivitas lainnya memang bikin energi mudah terkuras Elfriend. Biar badan kita tetap fit dan nggak gampang lelah buat beraktivitas sambil puasaan, jaga diri lewat @enervonactive  &amp; @enervon.id https://t.co/9DrQAKiO4M","2021-04-27 04:18:59","1"
"hardrockfmbdg","Ramadhan telah tiba
Agar puasa kamu lancar dan imunitas kamu terjaga plus tetap bisa beraktivitas, jangan lupa konsumsi makanan bernutrisi saat berbuka dan sahur, dan jangan lupa konsumsi 1 caplet Enervon C atau Enervon Active, supaya ibadah kamu lancar dan aktivitas pun lancar https://t.co/2n96vbsPYf","2021-04-27 04:00:01","1"
"iradiobdg","Ramadhan telah tiba
Agar puasa kamu lancar dan imunitas kamu terjaga plus tetap bisa beraktivitas, jangan lupa konsumsi makanan bernutrisi saat berbuka dan sahur, dan jangan lupa konsumsi 1 caplet enervon c atau enervon active, supaya ibadah kamu lancar dan aktivitas pun lancar. https://t.co/FPltPlcOAM","2021-04-26 07:00:01","1"
"hardrockfmbdg","Ramadhan telah tiba
Agar puasa kamu lancar dan imunitas kamu terjaga plus tetap bisa beraktivitas, jangan lupa konsumsi makanan bernutrisi saat berbuka dan sahur, dan jangan lupa konsumsi 1 caplet Enervon C atau Enervon Active, supaya ibadah kamu lancar dan aktivitas pun lancar https://t.co/G4SnedXoiv","2021-04-26 04:00:00","1"
"ELFARAFM","@enervonactive , multivitamin dengan kandungan Vit C, Vit B Kompleks dan Zinc yang bikin kita tetap berenergi selalu.
@enervon.id multivitamin dengan kandungan Vit C dan Vit B Kompleks yang bagus untuk menjaga daya tahan tubuh biar nggak gampang sakit.

#JagaDiri #JagaAktivitas","2021-04-26 01:45:00","1"
"ELFARAFM","Puasa sambil ngerjain skripsi, ngerjain kerjaan kantor, atau aktivitas lainnya memang bikin energi mudah terkuras Elfriend. Biar badan kita tetap fit dan nggak gampang lelah buat beraktivitas sambil puasaan, jaga diri lewat @enervonactive &amp; @enervon.id https://t.co/K5DJxJTmI6","2021-04-26 01:44:24","1"
"iradiobdg","Ramadhan telah tiba
Agar puasa kamu lancar dan imunitas kamu terjaga plus tetap bisa beraktivitas, jangan lupa konsumsi makanan bernutrisi saat berbuka dan sahur, dan jangan lupa konsumsi 1 caplet enervon c atau enervon active, supaya ibadah kamu lancar dan aktivitas pun lancar. https://t.co/L8bdWRCmoP","2021-04-25 07:00:00","1"
"hardrockfmbdg","Ramadhan telah tiba
Agar puasa kamu lancar dan imunitas kamu terjaga plus tetap bisa beraktivitas, jangan lupa konsumsi makanan bernutrisi saat berbuka dan sahur, dan jangan lupa konsumsi 1 caplet Enervon C atau Enervon Active, supaya ibadah kamu lancar dan aktivitas pun lancar https://t.co/y5KYyCtJjl","2021-04-25 04:00:01","1"
"iradiobdg","Ramadhan telah tiba
Agar puasa kamu lancar dan imunitas kamu terjaga plus tetap bisa beraktivitas, jangan lupa konsumsi makanan bernutrisi saat berbuka dan sahur, dan jangan lupa konsumsi 1 caplet enervon c atau enervon active, supaya ibadah kamu lancar dan aktivitas pun lancar. https://t.co/AAPn2ozs79","2021-04-24 07:00:00","1"
"hardrockfmbdg","Ramadhan telah tiba
Agar puasa kamu lancar dan imunitas kamu terjaga plus tetap bisa beraktivitas, jangan lupa konsumsi makanan bernutrisi saat berbuka dan sahur, dan jangan lupa konsumsi 1 caplet Enervon C atau Enervon Active, supaya ibadah kamu lancar dan aktivitas pun lancar https://t.co/uPPGPZxKr0","2021-04-24 04:00:00","1"
"iradiobdg","Ramadhan telah tiba
Agar puasa kamu lancar dan imunitas kamu terjaga plus tetap bisa beraktivitas, jangan lupa konsumsi makanan bernutrisi saat berbuka dan sahur, dan jangan lupa konsumsi 1 caplet enervon c atau enervon active, supaya ibadah kamu lancar dan aktivitas pun lancar. https://t.co/OAFGlKIud1","2021-04-23 07:00:01","1"
"iradiobdg","Ramadhan telah tiba
Agar puasa kamu lancar dan imunitas kamu terjaga plus tetap bisa beraktivitas, jangan lupa konsumsi makanan bernutrisi saat berbuka dan sahur, dan jangan lupa konsumsi 1 caplet enervon c atau enervon active, supaya ibadah kamu lancar dan aktivitas pun lancar. https://t.co/be7H9dJdSK","2021-04-22 07:00:00","1"
"iradiobdg","Ramadhan telah tiba
Agar puasa kamu lancar dan imunitas kamu terjaga plus tetap bisa beraktivitas, jangan lupa konsumsi makanan bernutrisi saat berbuka dan sahur, dan jangan lupa konsumsi 1 caplet enervon c atau enervon active, supaya ibadah kamu lancar dan aktivitas pun lancar. https://t.co/zi6k11pn3f","2021-04-21 07:00:00","1"
"hardrockfmbdg","Ramadhan telah tiba
Agar puasa kamu lancar dan imunitas kamu terjaga plus tetap bisa beraktivitas, jangan lupa konsumsi makanan bernutrisi saat berbuka dan sahur, dan jangan lupa konsumsi 1 caplet Enervon C atau Enervon Active, supaya ibadah kamu lancar dan aktivitas pun lancar https://t.co/JGPG1hbLEP","2021-04-21 04:00:01","1"
"iradiobdg","Ramadhan telah tiba
Agar puasa kamu lancar dan imunitas kamu terjaga plus tetap bisa beraktivitas, jangan lupa konsumsi makanan bernutrisi saat berbuka dan sahur, dan jangan lupa konsumsi 1 caplet enervon c atau enervon active, supaya ibadah kamu lancar dan aktivitas pun lancar. https://t.co/27RUcBj2hA","2021-04-20 07:00:01","1"
"hardrockfmbdg","Ramadhan telah tiba
Agar puasa kamu lancar dan imunitas kamu terjaga plus tetap bisa beraktivitas, jangan lupa konsumsi makanan bernutrisi saat berbuka dan sahur, dan jangan lupa konsumsi 1 caplet Enervon C atau Enervon Active, supaya ibadah kamu lancar dan aktivitas pun lancar https://t.co/1nyjDtTuFf","2021-04-20 04:00:00","1"
"iradiobdg","Ramadhan telah tiba
Agar puasa kamu lancar dan imunitas kamu terjaga plus tetap bisa beraktivitas, jangan lupa konsumsi makanan bernutrisi saat berbuka dan sahur, dan jangan lupa konsumsi 1 caplet enervon c atau enervon active, supaya ibadah kamu lancar dan aktivitas pun lancar. https://t.co/iIw4VkeJYw","2021-04-19 07:00:01","1"
"hardrockfmbdg","Ramadhan telah tiba
Agar puasa kamu lancar dan imunitas kamu terjaga plus tetap bisa beraktivitas, jangan lupa konsumsi makanan bernutrisi saat berbuka dan sahur, dan jangan lupa konsumsi 1 caplet Enervon C atau Enervon Active, supaya ibadah kamu lancar dan aktivitas pun lancar https://t.co/GSoB0dPaOZ","2021-04-19 04:00:00","1"
"iradiobdg","Ramadhan telah tiba
Agar puasa kamu lancar dan imunitas kamu terjaga plus tetap bisa beraktivitas, jangan lupa konsumsi makanan bernutrisi saat berbuka dan sahur, dan jangan lupa konsumsi 1 caplet enervon c atau enervon active, supaya ibadah kamu lancar dan aktivitas pun lancar. https://t.co/UiSFaSQEFE","2021-04-18 07:00:00","1"
"hardrockfmbdg","Ramadhan telah tiba
Agar puasa kamu lancar dan imunitas kamu terjaga plus tetap bisa beraktivitas, jangan lupa konsumsi makanan bernutrisi saat berbuka dan sahur, dan jangan lupa konsumsi 1 caplet Enervon C atau Enervon Active, supaya ibadah kamu lancar dan aktivitas pun lancar https://t.co/niC2wN553p","2021-04-18 04:00:00","1"
"ELFARAFM","Enervon Active, multivitamin dengan kandungan Vit C, Vit B Kompleks dan Zinc yang bikin kita tetap berenergi selalu. https://t.co/5XSJsB3zeS, multivitamin dengan kandungan Vit C dan Vit B Kompleks yang bagus untuk menjaga daya tahan tubuh biar nggak gampang sakit.","2021-04-16 07:02:35","1"
"ELFARAFM","Puasa sambil ngerjain skripsi, ngerjain kerjaan kantor, atau aktivitas lainnya memang bikin energi mudah terkuras Elfriend. Biar badan kita tetap fit dan nggak gampang lelah buat beraktivitas sambil puasaan, jaga diri lewat Enervon Active https://t.co/ArryjrL5go","2021-04-16 07:01:38","1"
"hardrockfmbdg","Ramadhan telah tiba
Agar puasa kamu lancar dan imunitas kamu terjaga plus tetap bisa beraktivitas, jangan lupa konsumsi makanan bernutrisi saat berbuka dan sahur, dan jangan lupa konsumsi 1 caplet Enervon C atau Enervon Active, supaya ibadah kamu lancar dan aktivitas pun lancar https://t.co/0ncVMm8jZW","2021-04-16 04:00:00","1"
"iradiobdg","Ramadhan telah tiba
Agar puasa kamu lancar dan imunitas kamu terjaga plus tetap bisa beraktivitas, jangan lupa konsumsi makanan bernutrisi saat berbuka dan sahur, dan jangan lupa konsumsi 1 caplet enervon c atau enervon active, supaya ibadah kamu lancar dan aktivitas pun lancar. https://t.co/XMMkkNQaPO","2021-04-15 07:00:00","1"
"hardrockfmbdg","Ramadhan telah tiba
Agar puasa kamu lancar dan imunitas kamu terjaga plus tetap bisa beraktivitas, jangan lupa konsumsi makanan bernutrisi saat berbuka dan sahur, dan jangan lupa konsumsi 1 caplet Enervon C atau Enervon Active, supaya ibadah kamu lancar dan aktivitas pun lancar https://t.co/uQ30GAtDd7","2021-04-15 04:00:00","1"
"iradiobdg","Ramadhan telah tiba
Agar puasa kamu lancar dan imunitas kamu terjaga plus tetap bisa beraktivitas, jangan lupa konsumsi makanan bernutrisi saat berbuka dan sahur, dan jangan lupa konsumsi 1 caplet enervon c atau enervon active, supaya ibadah kamu lancar dan aktivitas pun lancar. https://t.co/jZx5NVWHuT","2021-04-14 07:00:00","1"
"hardrockfmbdg","Ramadhan telah tiba
Agar puasa kamu lancar dan imunitas kamu terjaga plus tetap bisa beraktivitas, jangan lupa konsumsi makanan bernutrisi saat berbuka dan sahur, dan jangan lupa konsumsi 1 caplet Enervon C atau Enervon Active, supaya ibadah kamu lancar dan aktivitas pun lancar https://t.co/d20MyKVFTo","2021-04-14 04:00:01","1"
"iradiobdg","Ramadhan telah tiba
Agar puasa kamu lancar dan imunitas kamu terjaga plus tetap bisa beraktivitas, jangan lupa konsumsi makanan bernutrisi saat berbuka dan sahur, dan jangan lupa konsumsi 1 caplet enervon c atau enervon active, supaya ibadah kamu lancar dan aktivitas pun lancar. https://t.co/gaxyXWGMmt","2021-04-13 07:00:01","1"
"hardrockfmbdg","Ramadhan telah tiba
Agar puasa kamu lancar dan imunitas kamu terjaga plus tetap bisa beraktivitas, jangan lupa konsumsi makanan bernutrisi saat berbuka dan sahur, dan jangan lupa konsumsi 1 caplet Enervon C atau Enervon Active, supaya ibadah kamu lancar dan aktivitas pun lancar https://t.co/pHxIYe1FlT","2021-04-13 04:00:00","1"
"iradiobdg","Yuk ikutan #EnervonActiveTestimonyChallenge &amp; menangin emoney total jutaan rupiah. Cek flyer di atas buat tau caranya!

Konsumsi Enervon Active 1x sehari, yang akan mengganti vitamin &amp; mineral yang hilang dari dalam tubuh saat banyak kegiatan #biargakgampanglelah https://t.co/thRxqNGuUf","2021-04-07 12:00:01","1"
"iradiobdg","Yuk ikutan #EnervonActiveTestimonyChallenge &amp; menangin emoney total jutaan rupiah. Cek flyer di atas buat tau caranya!

Konsumsi Enervon Active 1x sehari, yang akan mengganti vitamin &amp; mineral yang hilang dari dalam tubuh saat banyak kegiatan #biargakgampanglelah https://t.co/BkXFTjsPlB","2021-04-07 07:00:01","1"
"iradiobdg","Yuk ikutan #EnervonActiveTestimonyChallenge &amp; menangin emoney total jutaan rupiah. Cek flyer di atas buat tau caranya!

Konsumsi Enervon Active 1x sehari, yang akan mengganti vitamin &amp; mineral yang hilang dari dalam tubuh saat banyak kegiatan #biargakgampanglelah https://t.co/EPW43drGfx","2021-04-07 03:00:00","1"
"hardrockfmbdg","Yuk ikutan #EnervonActiveTestimonyChallenge  &amp; menangin emoney total jutaan rupiah. Cek flyer di atas buat tau caranya!

Konsumsi Enervon Active 1x sehari, yang akan mengganti vitamin&amp; mineral yang hilang dari dalam tubuh saat banyak kegiatan  #BiarGakGampangLelah https://t.co/a1sYTl4Pn9","2021-04-06 12:00:01","1"
"iradiobdg","Yuk ikutan #EnervonActiveTestimonyChallenge &amp; menangin emoney total jutaan rupiah. Cek flyer di atas buat tau caranya!

Konsumsi Enervon Active 1x sehari, yang akan mengganti vitamin &amp; mineral yang hilang dari dalam tubuh saat banyak kegiatan #biargakgampanglelah https://t.co/7e1yeb5O6x","2021-04-06 12:00:00","1"
"iradiobdg","Yuk ikutan #EnervonActiveTestimonyChallenge &amp; menangin emoney total jutaan rupiah. Cek flyer di atas buat tau caranya!

Konsumsi Enervon Active 1x sehari, yang akan mengganti vitamin &amp; mineral yang hilang dari dalam tubuh saat banyak kegiatan #biargakgampanglelah https://t.co/uK0vYzss4i","2021-04-06 07:00:00","1"
"hardrockfmbdg","Yuk ikutan #EnervonActiveTestimonyChallenge  &amp; menangin emoney total jutaan rupiah. Cek flyer di atas buat tau caranya!

Konsumsi Enervon Active 1x sehari, yang akan mengganti vitamin&amp; mineral yang hilang dari dalam tubuh saat banyak kegiatan  #BiarGakGampangLelah https://t.co/UfHmNb7TMY","2021-04-06 07:00:00","1"
"iradiobdg","Yuk ikutan #EnervonActiveTestimonyChallenge &amp; menangin emoney total jutaan rupiah. Cek flyer di atas buat tau caranya!

Konsumsi Enervon Active 1x sehari, yang akan mengganti vitamin &amp; mineral yang hilang dari dalam tubuh saat banyak kegiatan #biargakgampanglelah https://t.co/w8xnMCYoxO","2021-04-06 03:00:01","1"
"hardrockfmbdg","Yuk ikutan #EnervonActiveTestimonyChallenge  &amp; menangin emoney total jutaan rupiah. Cek flyer di atas buat tau caranya!

Konsumsi Enervon Active 1x sehari, yang akan mengganti vitamin&amp; mineral yang hilang dari dalam tubuh saat banyak kegiatan  #BiarGakGampangLelah https://t.co/8NuHq9NAcO","2021-04-06 03:00:00","1"
"iradiobdg","Yuk ikutan #EnervonActiveTestimonyChallenge &amp; menangin emoney total jutaan rupiah. Cek flyer di atas buat tau caranya!

Konsumsi Enervon Active 1x sehari, yang akan mengganti vitamin &amp; mineral yang hilang dari dalam tubuh saat banyak kegiatan #biargakgampanglelah https://t.co/IDKY9C3qia","2021-04-04 12:00:02","1"
"iradiobdg","Yuk ikutan #EnervonActiveTestimonyChallenge &amp; menangin emoney total jutaan rupiah. Cek flyer di atas buat tau caranya!

Konsumsi Enervon Active 1x sehari, yang akan mengganti vitamin &amp; mineral yang hilang dari dalam tubuh saat banyak kegiatan #biargakgampanglelah https://t.co/1W3Do2xAwx","2021-04-04 07:00:01","1"
"iradiobdg","Yuk ikutan #EnervonActiveTestimonyChallenge &amp; menangin emoney total jutaan rupiah. Cek flyer di atas buat tau caranya!

Konsumsi Enervon Active 1x sehari, yang akan mengganti vitamin &amp; mineral yang hilang dari dalam tubuh saat banyak kegiatan #biargakgampanglelah https://t.co/D3Uf2BbaiU","2021-04-04 03:00:00","1"
"hardrockfmbdg","Yuk ikutan #EnervonActiveTestimonyChallenge  &amp; menangin emoney total jutaan rupiah. Cek flyer di atas buat tau caranya!

Konsumsi Enervon Active 1x sehari, yang akan mengganti vitamin&amp; mineral yang hilang dari dalam tubuh saat banyak kegiatan  #BiarGakGampangLelah https://t.co/gWSH9Y1Jll","2021-04-03 12:00:02","1"
"hardrockfmbdg","Yuk ikutan #EnervonActiveTestimonyChallenge  &amp; menangin emoney total jutaan rupiah. Cek flyer di atas buat tau caranya!

Konsumsi Enervon Active 1x sehari, yang akan mengganti vitamin&amp; mineral yang hilang dari dalam tubuh saat banyak kegiatan  #BiarGakGampangLelah https://t.co/tQgd3XWeP1","2021-04-03 07:00:01","1"
"hardrockfmbdg","Yuk ikutan #EnervonActiveTestimonyChallenge  &amp; menangin emoney total jutaan rupiah. Cek flyer di atas buat tau caranya!

Konsumsi Enervon Active 1x sehari, yang akan mengganti vitamin&amp; mineral yang hilang dari dalam tubuh saat banyak kegiatan  #BiarGakGampangLelah https://t.co/47hZRmmsJa","2021-04-03 03:00:00","1"
"hardrockfmbdg","Yuk ikutan #EnervonActiveTestimonyChallenge  &amp; menangin emoney total jutaan rupiah. Cek flyer di atas buat tau caranya!

Konsumsi Enervon Active 1x sehari, yang akan mengganti vitamin&amp; mineral yang hilang dari dalam tubuh saat banyak kegiatan  #BiarGakGampangLelah https://t.co/OB6hljlC4Z","2021-04-02 12:00:01","1"
"iradiobdg","Yuk ikutan #EnervonActiveTestimonyChallenge &amp; menangin emoney total jutaan rupiah. Cek flyer di atas buat tau caranya!!!

Konsumsi Enervon Active 1x sehari, yang akan mengganti vitamin &amp; mineral yang hilang dari dalam tubuh saat banyak kegiatan #biargakgampanglelah https://t.co/OnOpy2aYBS","2021-04-02 12:00:01","1"
"nominharusahi","@sbtland Enervon c wkwkwk :(
Mie gelas, superbubur yang sachet , energen, jajanan pokonya.","2022-05-31 14:11:32","0"
"lastwich","@sweetieepou Eneg banget liat enervon dah, semangat melawan maag key ü§≤üèª","2022-05-31 08:52:54","0"
"jadukmuhammad","@IgnatiusAryono @AndangRistian @je_ariff makanya minum enervon c","2022-05-31 05:01:22","0"
"gummybe15","@skinnyboyssss vitalong, enervon c,  macem macem cri aja yg sesuai kebutuhan dan budget wkwk","2022-05-30 16:08:59","0"
"akubarusaja","@ahp44_ Tebak enervon c","2022-05-30 08:09:11","0"
"_fAurora","@Aliaihromi Aku lupa taroh dmn, trs ku cari enervon ee d bawa masuk k kmr sama bayi gede","2022-05-29 15:19:58","0"
"Dpnrrrr","@FWBESS jus jambu merah, paratusin, makan bebek. enervon c. biasanya aku gitu trs membaik","2022-05-29 05:47:17","0"
"GOBLOhajima","@ohmybeautybank Makan dikit tapi berkali2 nder. Sama coba minum vit c (suplemen makan) aku minum enervon sehari bisa makan 4 kali kek babi :)) idup dibikin enjoi. Ak dari 39 ke 44. Y walau kena puasa turun lagi jadi 42üò≠ü§ß","2022-05-28 15:22:09","0"
"bintikhoy","Seperti badanku mulai protes dengan kegiatan ""rodi-ku"".

Mulai terasa mual, pening, sembab lemes dan suara sudah bagai kodok ngorek.. 

Mari rehat! 
Enervon-Aktif C dan Tolak Angin.","2022-05-27 14:54:01","0"
"stuckymood","@deoxyribosa BENER KAN KAK?! aku awalnya malah ngerasa itu kaya obat sasetan yg perkaplet itu kek ultraflu enervon c gtgt tp kl diliat2 lah iya buku tabungan","2022-05-27 01:45:09","0"
"chweminxyeom","@TigerHamzzi Aku pake enervon c siii","2022-05-26 14:12:32","0"
"wina_yulinar","@ohmybeautybank Wajar ga si? Kan kalo minum vitamin kaya enervon c juga pee nya jadi warna kuning","2022-05-26 11:03:54","0"
"Musfij","Perjuangan banget nyabut kapas dalam botolnya ü•≤, harus pake bentuk wadahnya yg kotak gitu biar mudah di ambil kalau di kasih kapas  @ENERVON_C https://t.co/MVIwDY8NJq","2022-05-26 04:45:38","0"
"panggil_Jingga","@gakadagunanya_ nah itu sih. booster bgt itu. indoapril kan ada enervon c sma berbrend. jgn tumbang sih. istrahat jgn ovt","2022-05-24 11:58:42","0"
"panggil_Jingga","@gakadagunanya_ kalo aku enervon C. trus mnum bearbrand sma madu TJ","2022-05-24 11:39:31","0"
"VindiVerinaA","Amunisi ketika drop:
Bodrex extra (1/2)
Enervon C","2022-05-24 11:30:13","0"
"asteracha","@KCHRSTPHR_ Tanginang tawa talaga ‚Äòyan sarap mong palunukin ng Enervon.","2022-05-23 18:57:46","0"
"sebutajamiw","@sbyfess enervon c bagus, minum bear brand tiap hari jg bagus","2022-05-22 10:25:43","0"
"yesnoyesya","@collegemenfess Enervon c doang, nder. Sama minum probiotik tapi jarang","2022-05-20 10:58:04","0"
"moringews","@ngklmw Huhu tiap hr telen enervon c:( msh begini :( feeling gue kecapean sih atau mau mens","2022-05-19 17:55:23","0"
"oiid66","Badan masih aja bau enervon c anjir lah","2022-05-19 11:18:51","0"
"SupraX125_","@tirta_cipeng beberapa contoh :
saya minum enervon C. urinnya bener bener oren banget kayak nutrisari
.
minum kopi instan urinnya baunya ya kopi.
.
.
takut kenapa kenapa. sekarang rutin minum air putih aja üòÇ","2022-05-19 04:58:06","0"
"prizyputri","G jd puasa, krn tnda2 mau skit.
Dh minum susu beruang, redoxon, enervon c, air nabeez","2022-05-18 02:18:22","0"
"kumahakuringwe","@worksfess minuman yang joss joss kali ya? soalnya w pake enervon c tetep aja loyo üò≠","2022-05-18 01:44:39","0"
"pidijahatt","@worksfess Gue dlu pas kuliah sering cape jd setiap pagi minum enervon c, asli badan jarang pegel2 dan lemes. Cobain nder.","2022-05-17 10:15:56","0"
"EsKapalan","@CruellaTiamo Enervon c ama mipi...hehehe..tp jarang minumnya","2022-05-17 04:10:48","0"
"ayurrawr","sejauh ini vitamin paling ngefek di aku itu enervon c, pernah coba merk lain tapi gak ngefekü•≤
pantes jaman sekolah kuliah magang dari pagi sampe malem jarang sakit &amp; masih seger aja bawaannya;;;","2022-05-17 02:31:01","0"
"devinapus","@Ennoooook aku udah rutin enervon c juga btw nok. tp kok ga ngefek lemu ning aku üôÑ","2022-05-16 16:13:03","0"
"Ennoooook","@devinapus Kenapa ndak nyoba minum enervon c mbaa , soale aku lemu mergo kui üòÇ","2022-05-16 15:55:16","0"
"waffleoreos","@chocoochang banyak minum air putih kamuu, sama minum vitamin kayak enervon c. syafakillah yaa! semangatt buat lusaaaü§©","2022-05-16 10:46:10","0"
"wargaasekitar","Vitamin yg dibutuhkan saat ini adalah enervon c dan 1 milyar","2022-05-16 06:31:08","0"
"Jorbeet","Ang ganda ng ads ng enervon WHAHHAHAHAH","2022-05-16 04:56:22","0"
"nok_ense","@deyuwi Susu biasa ultra milk, enervon c, dan buah. Aku juga orangnya ga skip makan jadi makannya teratur, sepertinya ngaruhnya dari situ.","2022-05-16 02:53:35","0"
"AlatPijatKaki","enervon c untuk asam urat","2022-05-12 20:53:28","0"
"GIodioIus","@ssefnum vitamin apaaa? kalo vitamin c, aku suka beli vitamin c ipi atau enervon c","2022-05-12 00:55:33","0"
"coflalatte","@MahasiswaUMS minum enervon c nder ato kalo ga minum vitamin vitamin gt. seminggu biasanya masi tahap recovery jg gasi?ya coba olahraga kecil dulu, makan teratur dan bergizi. semangat nder!","2022-05-11 04:44:39","0"
"AlatPijatKaki","enervon c untuk asam urat","2022-05-10 03:53:27","0"
"temenyatawan","@abcdefvcking Aku sih pernah minum enervon c menuruttku itu ngaruh banget","2022-05-09 22:50:05","0"
"brvry__","Bingung mau minum bodrek, enervon c ato sangobion","2022-05-09 11:43:29","0"
"itadoushin","@moonstaringjunn Aku minum become c kak kalo udah mulai loyo, badan ga enak. Emang dosisnya agak gede tp yaa mayan dibadan langsung ada tenaga. Kalo yg tiap hari/seingetnya yaa imboos atau enervon c ajaaa. Soalnya aku tidurnya ga bs teratur jd gampang loyo","2022-05-08 14:30:27","0"
"urformidable","@syandrafara enervon c selalu siap sedia syandüëç","2022-05-08 00:15:11","0"
"daisukidayoou_","@convomfs Klo kegeden emang gabisa sih, aku nelen tablet vitamin enervon C juga gabisa perlu ditugel dulu","2022-05-07 13:47:02","0"
"lalavivienrose","@sbyfess Enervon c sudah ada kandungan vit c dan b","2022-05-07 12:01:11","0"
"can95096191","@N_ShaniJKT48 Siyap ci blackmores selalu dibawa serta enervon c klo tbtb flu cici juga","2022-05-07 02:13:53","0"
"alvnngry","galing talaga ng ben&amp;ben, pati yung kanta nila sa ad ng enervon ang bop parin ng kantaaa üíï

Ben&amp;Ben - Ibalik ang Happy ‚ú®","2022-05-06 01:10:34","0"
"AlatPijatKaki","enervon c untuk asam urat","2022-05-04 05:53:27","0"
"gamerpg7","@aan__ Mau nanya donk dok.. Kalo minum enervon c tiap hari buat penderita asam lambung aman ga?","2022-05-02 14:27:57","0"
"AldiansyahN","@molkimol Serius minum enervon c ngaruh? Gw kok ga berada yaü§£","2022-05-01 00:11:00","0"
"AlatPijatKaki","enervon c untuk asam urat","2022-04-30 03:23:27","0"
"ceritanin","@schfess kalo vitamin dlu aku minumnya enervon c tapi sekarang dh ga pernah minum vitamin","2022-04-29 09:13:20","0"
"sstthhhh","@nocvmber Vitacimin kan tablet hisap kak. Kalau mau yg diminum gitu coba vit c kapsul yg kaya enervon c gitu.","2022-04-28 03:10:13","0"
"hirawawn","@eclairens Enervon C coba! Atau minum air putih yang banyak ajaaaaa.","2022-04-27 16:31:39","0"
"alexiovs","@ngalamfess Sek gejala awal kudu ndang di boost vitamin C nder. Aku biasane Enervon, Theragran / zegavit. Dibuat istirahat, makan cukup waras wes.","2022-04-27 14:25:51","0"
"xxvanillalatte","@rena_kuramitsu -FG Troces
-Enervon C
-Makan buah tinggi vitamin C, kayak pepaya, jambu biji
-Sering2 minum air anget campur madu
-Aku jg buat lemon campur madu dan air rebusan jahe, pas dicampur airnya tunggu dingin dulu
-Habis sikat gigi kumur pake Listerine atau Betadine kumur.","2022-04-27 13:22:53","0"
"vidcyyyyy","Kata dr UR harus banyak minum multivitamin seperti enervon c sama nature e","2022-04-26 12:54:22","0"
"minlixhee","@_eeunoiia duaduanyaaaa lucubgt kalo barengan (abaikan enervon) https://t.co/ZzkZoSlhTY","2022-04-26 07:45:09","0"
"eelesen_","@chopie3_ Udahh barusan diminumin enervon c ail 
moga aja gajadi ambruk sih","2022-04-24 21:12:34","0"
"AlatPijatKaki","enervon c untuk asam urat","2022-04-24 17:23:27","0"
"Ahn_088","@JervisManahan @ABSCBNNews Lumalaklak ata ng enervon c gab eh hehe üòÅ","2022-04-24 15:29:14","0"
"SUNDA_FESS","Daks nanti saur teh aku rek minum obat da lagi kurang sehat, nahh sekalian minum vitamin kaya enervon c apa gapapa??","2022-04-23 14:24:22","0"
"lzrmx1e_______","enervon c, c nya itu choked on pills alias keselek anjingggg","2022-04-22 21:29:54","0"
"iamfudgel","Terus diresepin obatnya kan ya. Aku selalu tanya ‚Äúbesar gak obatnya?‚Äù Soalnya gabisa minum kapsul atau tablet besar2. Kata mbaknya kecil. Ehhhhhh pas mau aku minum skrg, besar2 bgttttt. Anjir lah aku kena tipu :( yg sebesar enervon c aja kaga bisa masuk samsek duhhhh","2022-04-21 20:36:27","0"
"txtsipli","@hrdbacot ‚Äî konsumsi vitamin biasanya enervon c , entah manjur atau engga tapi ya biasanya mentok¬≤ itu aja

‚Äî olahraga pasca kerja coba pake jumping jack, sit up, atau push up. sejauh ini manjur buat ngilangin sedikit stress workload yang ga nentu","2022-04-17 05:04:33","0"
"AdeniaClara","@hrdbacot Aku minum enervon c terus olah raganya niru channel youtube the body project sama skwad fitness yg untuk sakit punggung","2022-04-17 04:44:20","0"
"703_BK","@hrdbacot Vitaminnya Enervon C Active.. Workout palingan jalan pagi.. Istirahatnya cukupin.. Kurangi begadang.. Pola hidup sehat sih intina..","2022-04-17 02:48:58","0"
"Ianaadelreey","@twitnyapimma @ohmybeautybank betulll, kmrn aku liat di yt ada org diy buat serum vit c pake enervon c.... yaAllah mending di minum ngapain di buat serum mana buatnya ngasal bgt sedihhhh üò¢üò¢","2022-04-15 21:44:18","0"
"Llinsrvnd","kung hindi pa magiging endorser ng enervon hindi pa magiging masaya ang ben and ben e hahaha","2022-04-15 03:40:26","0"
"convomfs","üí¨ enervon c aman ga ya buat aslam? tia","2022-04-14 01:21:38","0"
"ari_rezaa","@sbyfess Emak gw punya toko obat, pernah pagi2 mau brangkat sekolah suruh ambil vitamin di toko ada hemaviton, enervon c, dll dan yg gw minum neo hormoviton karna tulisannya suplemen pria dan gw pria, yg terjadi setelahnya tebak sendiri","2022-04-13 16:09:45","0"
"natalianayoung","@bioruto coba aja dlu trs kenain pake kuah/? ngeri2 sedep wkwkk tp yg penting air putih sama enervon c kalo aku biasanya","2022-04-13 08:26:02","0"
"fvdhl_","@wangja___ ehh nda tau sih kalau masalah sakit ginjal, tapi biasanya sih enervon c ji kuminum wkwkw yg biasa dijual di alfa","2022-04-12 14:24:57","0"
"alulacassiopeia","@karirfess Tidur teratur, makan teratur, minum vitamin kaya enervon c gitu, istirahat yg cukup, banyakin minum air putih","2022-04-12 13:10:24","0"
"sisamsu","@moonareas bukan makanan tapi vitamin sih, gua pengen pacarin hemaviton/enervon c","2022-04-12 11:46:22","0"
"sumberprotein","@aftienun tergantung dosis. kalo modelannya kayak enervon c gaboleh *cmiiw","2022-04-11 16:23:39","0"
"putrior_r","vitamin apa... puasaku cm minum enervon c perasaan","2022-04-11 14:22:59","0"
"fvvorit","anjir jari manis gua tadi nyangkut di botol enervon cüò≠üò≠üò≠üò≠üò≠ udah panik bgt","2022-04-11 06:15:33","0"
"kennyhmae_","langguan niya tuud in enervon inum ku yadtu, sambil pa byaun energebtic naman aku masi :((((","2022-04-10 18:55:22","0"
"loverniceeee","NAKALAKLAK NG ENERVON SI DOYOUNG TALAGA","2022-04-10 09:41:25","0"
"tetehseulgi_","@worksfess kalau ga enervon c, bisa fatigon spirit dan bisa juga pocari sweat.
aku dulu awal¬≤ kerja di pabrik bener¬≤ harus minum enervon c sebelum berangkat.

tapi setelah tiga bulanan mulai terbiasa dan malah enjoy tanpa perlu vitamin wqwq","2022-04-09 02:24:10","0"
"tetehseulgi_","@worksfess masih masa penyesuaian nder, apalagi kalau sebelumnya belum pernah di pabrik.
bisa kerja di pabrik tu anugrah banget, apalagi kalau lingkungannya ga toxic.
coba dijalani dulu sebulan dua bulan nder, kalau udah ga tahan mungkin boleh resign.

saranku, minum enervon c sblm brgkt.","2022-04-09 02:22:52","0"
"rindukusemu","udah neguk molexflu, cetirizine, enervon c, dan comtusi sirup

gak lagi deh cuaca panas bedengkang minum es terossss, kapok","2022-04-08 14:22:42","0"
"ohmpawie","wow nanon tiap hari minum 4 vitamin yg berbeda. mana ada kegunaan msg msg. gua tiap hari sebiji enervon c pula","2022-04-08 12:37:00","0"
"scoupstattus","wow nanon tiap hari minum 4 vitamin yg berbeda. mana ada kegunaan msg msg. gua tiap hari sebiji enervon c pula","2022-04-08 12:35:45","0"
"Jobbseekerrr","@worksfess stayyy itu masih masa penyesuaian. minum vitamin enervon c sih kalo aku, istirahat yang cukup kalo sampai rumah dan makan yang banyak buat amunisi","2022-04-08 12:28:56","0"
"dhaiken2712","@KeroroSuika aku pake enervon c, ampuh üòå","2022-04-08 04:43:16","0"
"pramesdiosaurus","sahurnya pake gule kambeng. jan lupa mik enervon dan honey bunny sweetyüêù","2022-04-07 20:33:10","0"
"cocowmelont","@gsukakacangijo oia btul itu enervon c, siap mkasihh loh","2022-04-07 13:29:50","0"
"gsukakacangijo","@cocowmelont klo vitamin aku suka minum enervon c, klo susu aku biasanya minum dencow","2022-04-07 13:14:27","0"
"AlatPijatKaki","enervon c untuk asam urat","2022-04-07 09:53:26","0"
"iniayyaaaa","@tanyakanrl pake vitamin aja nder, klo di ak dlu pake enervon c, klo mau versi murcenya pake elkana","2022-04-07 08:09:42","0"
"Partono_ADjem","Isinya enervon c kali jadinya aman","2022-04-06 08:23:46","0"
"mariocaisar","@ShitaMurtisari Halu itu, suruh minum enervon c sama mandi pagi.","2022-04-06 06:01:48","0"
"bubblebiin","Semalem w lupa gk minum enervon c skrg sahur pun lupa yodah dah bageninüò≠","2022-04-05 21:40:04","0"
"itspiiii","Niee minum tolak angin atau enervon c ya","2022-04-05 20:58:07","0"
"ily5sehun","gue kaget banget ya 2 hari ini minum enervon c urin jadi kuning kirain kena penyakit ternyata emang gituüò≠üëçüèª","2022-04-05 17:48:52","0"
"_LemonFizz","@manusyaginger @airaniiofifteen semua ada kandungan vitamin C nya, kalo enervon ada vitamin B juga.kalo zinc doang yang merek lokal kurang tau, adanya zinc generik.","2022-04-05 07:34:21","0"
"sacearine","mengganti enervon c dgn madu krn FUCK ENERVON C vitamin pait yg paitnya kerasa sampe magrib","2022-04-03 20:58:30","0"
"chocozelnute","baru kali ini minum enervon c bkin bb gaenak anj","2022-04-03 17:13:00","0"
"nonalokal","@worksfess Diusahain aja puasa dulu, ini kan bakal jadi kerjaan rutin. Kalo rutin ga puasa sayang bgt:(
Oh iya minum vitamin penambah tenaga kaya enervon juga pas saur","2022-04-03 12:31:37","0"
"sdreamind","@convomf YA ALLAH BACA TWT INI BARU INGET!!!! LUPA MINUM ENERVON C DUWIDBUWISJQJSHQAHB@","2022-04-02 22:03:39","0"
"jenc4rt","gimana caranya nelen enervon C dengan utuh gue gk bsüòäüòä","2022-04-02 21:06:40","0"
"Aliyaizuri","Kl minum vitamin kyk enervon c trus minum susu boleh gaksi","2022-04-02 17:24:59","0"
"123win_","@missufe besok puasa makji, klo dapet 500 dari makji aku mau 
1.beli beras 5 kg
2.minyak goreng
3.telur 
4.syirup 
5.kurma
6. enervon c
7. gula pasir
8.teh celup 
9.kurma sukari
ini yg akan saya beli makji @missufe 
semoga reply ku kelihatan sama makji ya Allah...aamiin","2022-04-02 14:43:39","0"
"myjisung_","@circadiansins Freebiesnya enervon c anjirr. Aku yo mau billl","2022-04-02 11:31:33","0"
"wulanhand","@skinkiky Iyasih vit.c gak ramah sama penyakit maag huhhhu. Aku pake enervon c tapi aku kan gak ada maag jadinya aman.","2022-04-02 06:58:14","0"
"_livingDe4th","@Dextonee Kalo aku sih minum enervon C, bikin badan seger. Sekarang tiap hari minum","2022-04-02 06:22:07","0"
"ytskrnyoo","cukup kalo gak mau makan berat, tapi jangan lupa minum enervon c","2022-04-02 00:58:10","0"
"gansistt","makasih bgt y @/enervon C + @/blackmores","2022-03-31 05:50:51","0"
"kentangdarimars","@myoiregaal btw maksudku tadi redoxon, kok malah enervon c üò≠ aku lupa rasanya enervon c","2022-03-31 03:25:41","0"
"kentangdarimars","@myoiregaal tapi ga sekecut enervon c  üò≠
https://t.co/WDcPzx57xa","2022-03-31 03:20:17","0"
"AlatPijatKaki","enervon c untuk asam urat","2022-03-31 00:53:27","0"
"bbleuming","Masi ada enervon c, vitalong c, renovit. Lama2 gue jualin juga niü§£ü§£","2022-03-28 08:53:15","0"
"haitangpetals","@warunksantoso Meee, merk enervon c kalo aku cha, jd b kompleks plus vit c jg","2022-03-28 07:43:32","0"
"bvlgarirose_","@ohmybeautybank minum vitamin C nder (ester C, enervon C, dll), aku pernah konsul di halodoc diresepin itu krn telatnya blm 3bln jadi gaboleh konsumsi obat hormon dulu. Abis minum vit C 2x langsung slurrrrr haid lgsung","2022-03-28 05:46:12","0"
"mikaelalaluuuh","@iamstarchiie HAHAHAHA Nasobrahan sa enervon, akyat akyat tas di na marunong bumaba hahahaha","2022-03-28 01:01:14","0"
"AlatPijatKaki","enervon c untuk asam urat","2022-03-28 00:23:27","0"
"briantias","@Dindasaurus_ Need booster. Enervon cek daya tahan e nambah","2022-03-26 12:25:03","0"
"ryaannim","@tanyakanrl Lebih work yang enervon active menurutku, smpe sekrang msih minum lmayan sih ga bgitu melelahkan","2022-03-25 23:31:58","0"
"serbita1","@sinateas Itukan iklan enervon v","2022-03-24 20:00:54","0"
"813id","Hahahahha jadi keinget mba2 enervon c üò≠üò≠","2022-03-24 02:30:50","0"
"inimorc","@p_uds @howtodresvvell enervon c kalo dimasukin ke air nyebar gitu, cek iklannya wkwkwk","2022-03-24 01:08:43","0"
"sempakmuamel","@cryincloudz Semangat syaf, minum vitamin ya biar gak gampang sakit - enervon C","2022-03-23 13:46:46","0"
"lzysundaymornin","WKWKW MARAH BGT ENERVON C üò≠üò≠üò≠","2022-03-23 11:37:40","0"
"ATp614","@1485JT kl aku pas positif minum zegavit, enervon c, dan obat dikasih puskesmas yg gatau namanya intinya sih buat batuk","2022-03-23 11:10:19","0"
"fauziazhr_","anjrit gua pahammm knp enervon c üò≠üò≠üò≠","2022-03-23 07:24:36","0"
"mushabnf","@howtodresvvell Enervon c dong wkwkwk","2022-03-23 06:33:40","0"
"soobinitty","@doyoungselimut @howtodresvvell BISA BISANYA ENERVON Cüò≠","2022-03-23 06:02:14","0"
"budichadonam","@matryossika enervon c kalo masuk air kan langsung nyebar gitu","2022-03-23 05:55:58","0"
"skinnypandaaa","@starfess Gakaya mba mba di tiktok makeupnya luntur kaya enervon c","2022-03-23 05:55:34","0"
"budichadonam","@matryossika makeupnya mahal ini ga jadi enervon c","2022-03-23 05:43:41","0"
"terlengket","make upnya cakep ga kaya enervon c","2022-03-23 05:03:29","0"
"doyoungselimut","@howtodresvvell @soobinitty ENERVON C CAPEK BGT","2022-03-23 04:28:39","0"
"rpbinun","@WINTERx163 WOKWOKWOKWOK ENERVON C","2022-03-23 03:46:56","0"
"RARUD3T","liat ini jadi keinget mba mba enervon cüò≠","2022-03-23 01:36:41","0"
"fadhiel_binrais","@howtodresvvell Bukan enervon C yang ada yg larut di air tuh Calcium D Redoxon, ah pegimane sih...","2022-03-22 23:26:09","0"
"pyuanina","ngakak bgt enervon cüò≠üò≠","2022-03-22 19:29:47","0"
"AfandiTirta","@howtodresvvell Gitu emang kalau enervon c dikasih nyawa","2022-03-22 18:05:46","0"
"janganlurus","HAHAHAHAHAH ANJRIT ENERVON C","2022-03-22 17:43:08","0"
"qingxisn","@siemplicity mm juga kalo pose di dalem air jadi cosplay enervon c https://t.co/mMHBWY8yt4","2022-03-22 16:07:27","0"
"iamcrazyrich","@howtodresvvell Ooh enervon c tablet yang di seduh pakai air jadi kaya bath bomb itu","2022-03-22 15:12:37","0"
"bopkokoo","Gw kira apaan enervon c, ternyataaaaaaaa hahahhaa","2022-03-22 14:52:25","0"
"ttreokbokki","ENERVON C WKWKWKWK KETAWA BGT","2022-03-22 14:19:44","0"
"AlnaaRahma","@howtodresvvell enervon C mana ada larut kekgitu. yang ada mah redoxon","2022-03-22 14:16:08","0"
"cherishtyyy","ENERVON Cüò≠üò≠ CAPEK BGT","2022-03-22 14:02:25","0"
"myoilody","Aku diem beberapa detik, sialan bgt enervon c üò≠üò≠üò≠üò≠üò≠üò≠","2022-03-22 12:41:57","0"
"greywools","ENERVON C WKWKWKWKKEKE","2022-03-22 12:41:41","0"
"Namigelkuning","@AaaLutunaa @zaesthic @howtodresvvell Yang dimaaukin air terus nyebar itu redoxon. Kalo enervon c diemut.","2022-03-22 12:40:29","0"
"AcielCavan","@howtodresvvell Koq aku minum enervon c gak di larutin di air ya? Redoxon kaliii maksudnya","2022-03-22 12:39:57","0"
"nwooooy","@howtodresvvell kenapa si orang kepikiran aja kalo kayak enervon c w mau ketawa jadi mikir dulu üòì","2022-03-22 11:53:15","0"
"enggataudehya","@T___Teonu enervon c adaaa yg kaya model redoxon sekarangggg li","2022-03-22 11:51:05","0"
"imyoursugarboo","@howtodresvvell Anjir bisa kepikiran enervon c","2022-03-22 11:48:29","0"
"joon94hope","Mikir dulu kayak ""hah kok enervon c ??"" Eh taunyaaa.....","2022-03-22 11:43:37","0"
"irmayolii","@AaaLutunaa @zaesthic @howtodresvvell Lah cara minum enervon c emang dimasukin air ya kok aku di telen langsungüò≠","2022-03-22 10:52:03","0"
"Sfierce_","Ajg enervon c..yang kalo kena air langsung ngilang kaya guy waktu abis pake gerbang ke 8 hahahaha","2022-03-22 10:40:34","0"
"hiraethgloom","KENAPA ENERVON C SIH ANJIR üò≠üò≠üò≠üò≠üò≠üò≠üò≠","2022-03-22 10:23:40","0"
"tobikoxuxi","@howtodresvvell redoxon anjir yg larut di air wkwk enervon c mah ngga","2022-03-22 10:19:01","0"
"lostyouth66","@howtodresvvell Wkwkw enervon C ü§£ü§£ü§£","2022-03-22 10:18:24","0"
"Anantaagn","@howtodresvvell @spqche enervon c? 
paketiapharipaketiaphari

eh apasi?","2022-03-22 10:14:10","0"
"jaehyunivlight","@howtodresvvell enervon c ga tuhh, sampe melebur ke segala arahüò≠","2022-03-22 09:19:40","0"
"Kaefcisuperbes1","WKWKWWKWKW YA TUHAN MAAFIN HAMBA MU INI 

TAPI NGAKAK ENERVON C WKWWKWKWK","2022-03-22 09:12:47","0"
"_saranghaewon","@convomf ASTAGAAA WKKWKW baru ngeh kenapa enervon c üò≠üò≠üò≠üò≠","2022-03-22 09:08:58","0"
"prinsessaurora","Udh liat di fyp tp gak kepikiran enervon c sihü§£ü§£üò≠","2022-03-22 08:55:45","0"
"maunggbodas","@convomf baru ngeh, ya ampun ngakak bgt enervon cüò≠","2022-03-22 08:50:23","0"
"vexisinners","@howtodresvvell enervon c ga ada yg effervescent anjirüò≠","2022-03-22 07:31:36","0"
"kkurenves","ENERVON C ANJENGGüò≠üò≠","2022-03-22 07:02:33","0"
"mynameisndy","@AaaLutunaa @zaesthic @howtodresvvell Ta tapi yg nyebar itu redoxon bukan enervon C üò≠","2022-03-22 06:48:44","0"
"moonllitte","@howtodresvvell WKWKWKWKWK blokkk enervon c üò≠üò≠üò≠","2022-03-22 06:29:14","0"
"magulee_","Enervon c banget ga tuh :((","2022-03-22 06:02:48","0"
"rumitawa","@howtodresvvell Dua kali scroll baru paham soal enervon c","2022-03-22 05:52:18","0"
"rfanisyaarahma","@howtodresvvell Redoxon kali ya maksudnya. Atau cdr wkwk enervon c mah kapsul","2022-03-22 05:38:35","0"
"ututuuututututt","@howtodresvvell Anjir ((( enervon c ))) alias mukanya melebur kek pil dicelupin ke air üò≠","2022-03-22 05:31:17","0"
"AaaLutunaa","@zaesthic @howtodresvvell enervon c klo msuk dalem aer nyebar kya bedak mba ny","2022-03-22 04:37:59","0"
"AlwaysDevi","@howtodresvvell Harusnya Protecal bukan sih? Atau CDR.

Kalo Enervon C kan langsung diminum. üòÖ","2022-03-22 04:08:41","0"
"Rc_Dean09","@howtodresvvell Ngakak , enervon C üòÇüòÇ","2022-03-22 03:08:10","0"
"sasascacas","@_Reinanda @howtodresvvell mikir dl knp enervon cü§£ü§£ü§£ü§£","2022-03-22 02:44:22","0"
"ssnakequeenn","@vitaaloo Itu bedakknya pada rontok kena air  trs harusnya redoxon bkn enervon c","2022-03-22 02:37:35","0"
"preskorut","Aduhhh ngakak, Enervon Cüò≠ü§£üò≠ü§£üò≠ü§£","2022-03-22 01:20:38","0"
"rizkydgtr","Kok enervon c sih bangkeüòÇ","2022-03-22 00:29:19","0"
"svn7something","@howtodresvvell kakwkakqkwkkakw bgstttt enervon c","2022-03-22 00:07:10","0"
"yournightghoul","Malem paratusin, pagi enervon C... Lama2 badan gue jadi apotek, semua obat ada üòå https://t.co/YxYFUWLjv0","2022-03-21 23:58:25","0"
"breowww","@howtodresvvell mikir keras maksud nya apa, ternyata enervon c yg dicemplungin","2022-03-21 23:53:24","0"
"heiituu","@howtodresvvell kepikiran lg enervon c wkwkkwk","2022-03-21 23:44:14","0"
"brvry__","Enervon C dan paracetamol udah kek makanan pokok gue, ini kapan musim kemaraunya ya Allah","2022-03-21 14:39:14","0"
"asopian630","Innalillahi, salah minum obattt, mau minum enervon c, kenapa yang gua tanggak malah obat batukkk. üò≠","2022-03-21 02:53:55","0"
"childjjk","Tumben¬≤an , biasanya sblm parag diminumin enervon c gajadi sakit . Kok ini hbs dr isya tiduran mulu di kerjaan . Untung ada anak baru yg gantiin .","2022-03-20 14:19:55","0"
"sukamanyunn","@FOOD_FESS Kalo enervon active yang kemasan warna ungu bisa diminum tiap hari ga sih?","2022-03-18 14:37:04","0"
"literallysays","@velma_inc @ENERVON_C yeay!! semoga bermanfaat yaaa

terima kasih juga buat @hrdbacot sudah menjadi sarana penyalur yang berfaedahh üéâüéâ","2022-03-18 07:43:55","0"
"mikimikik","@andridsaid @BIGREDS_IOLSC mungkin tadi pagi si mimin minum enervon c satu strip 4 tablet sekaligus om..hehe","2022-03-16 23:21:24","0"
"iniayyaaaa","@convomf minum vitamin nder, kek enervon, curcuma plus, dll. klo jamu pake jamu kencur, klo gk suka jamu pake kencur geprek trus diseduh air panas","2022-03-16 09:37:57","0"
"MeaSherley","@eurusss__ Naka enervon yarn

ASK SEHAM ON KUMU","2022-03-16 06:03:00","0"
"imatdaero","@undipmenfess vitamin lbh bagus dari sayur/buah asli tp aku kadang enervon c atau cerebrovit excel","2022-03-15 14:40:33","0"
"choolieyours","Dapat si ja endorser ng enervon eh. Batak na batak hahaha","2022-03-15 04:59:35","0"
"BLVCKC0FFE","eh enervon c kan di emut dulu gapapa ya?","2022-03-15 01:27:41","0"
"onaym_ark","@snowmarkeu Gua jarang minum vitamin. Tapi sering beli enervon c.","2022-03-14 10:43:15","0"
"jinjwanjara","@_jjeonrach garo naka enervon si jk HAHAHAHABABABABAHAHAHAHA","2022-03-13 15:40:10","0"
"AlatPijatKaki","enervon c untuk asam urat","2022-03-13 09:23:27","0"
"Semut2Semut","@AOSBaduy007_ enervon c apa kopi herbal?

hahahahahahah","2022-03-13 09:09:04","0"
"nggehngoten","@stanmenfess Enervon andalanku, tapi gaberani tiap hari takut kena batu ginjal","2022-03-13 07:09:49","0"
"listysatwiken","Deg degkan tiap minum enervon c soalnya tabletnya geda bangetüò≠","2022-03-13 03:21:53","0"
"desscitr","Gils enervon c udah ga ngaruh sama hidup w. Multivitamin yg bagus selain blackmores apa ya gaiis?","2022-03-11 15:21:00","0"
"","","",""
"","","",""
"","","",""
"","","",""
"","","",""
"","","",""
"","","",""
